"taxon","lfc_diagnosis2IBD","se_diagnosis2IBD","q_diagnosis2IBD","diff_diagnosis2IBD"
"K00003: homoserine dehydrogenase ",-1.14843865340167,0.241953795071788,2.031106135132e-05,TRUE
"K00010: myo-inositol 2-dehydrogenase / D-chiro-inositol 1-dehydrogenase ",-1.53393824433463,0.244206315090602,1.17306715280181e-08,TRUE
"K00012: UDPglucose 6-dehydrogenase ",-0.777609356659744,0.238110071211779,0.00341333165116434,TRUE
"K00014: shikimate dehydrogenase ",-1.14267385651863,0.25288061077735,5.2828582715048e-05,TRUE
"K00016: L-lactate dehydrogenase ",-0.647090429225162,0.267864914718088,0.0273970004047869,TRUE
"K00018: glycerate dehydrogenase ",-1.58789766285655,0.240670413994669,2.22038743579355e-09,TRUE
"K00029: malate dehydrogenase (oxaloacetate-decarboxylating)(NADP+) ",-1.26218604935495,0.258255666416913,1.08766374868836e-05,TRUE
"K00040: fructuronate reductase ",-1.22532882874036,0.2547885815308,1.53455099083878e-05,TRUE
"K00041: tagaturonate reductase ",-0.459178229848589,0.206260075476482,0.0431308988291814,TRUE
"K00046: gluconate 5-dehydrogenase ",-0.729826419380037,0.254215955837902,0.00881258988859563,TRUE
"K00052: 3-isopropylmalate dehydrogenase ",-1.11039190566011,0.237269619427192,2.72010670323746e-05,TRUE
"K00057: glycerol-3-phosphate dehydrogenase (NAD(P)+) ",-0.695874008752434,0.229633862617709,0.00597583447254619,TRUE
"K00059: 3-oxoacyl-[acyl-carrier protein] reductase ",-0.952139327060193,0.215329477373519,7.67326154548544e-05,TRUE
"K00060: threonine 3-dehydrogenase ",-0.943180863017551,0.294157925500434,0.00389869436167267,TRUE
"K00067: dTDP-4-dehydrorhamnose reductase ",-0.68537594013602,0.228833927507954,0.00648325796767857,TRUE
"K00075: UDP-N-acetylmuramate dehydrogenase ",-0.5228476354392,0.1940693427126,0.0136175517407566,TRUE
"K00077: 2-dehydropantoate 2-reductase ",-1.0745465451089,0.226805589969836,2.11300908825685e-05,TRUE
"K00088: IMP dehydrogenase ",-0.488206935921253,0.194940520172073,0.021996666188789,TRUE
"K00096: glycerol-1-phosphate dehydrogenase [NAD(P)+] ",-1.46132193214741,0.258432383140888,3.0869076390817e-07,TRUE
"K00128: aldehyde dehydrogenase (NAD+) ",-0.778925907178374,0.246730300451442,0.00439408694426616,TRUE
"K00133: aspartate-semialdehyde dehydrogenase ",-0.633101382879823,0.201470885858106,0.00456367117327877,TRUE
"K00134: glyceraldehyde 3-phosphate dehydrogenase ",-0.478543780323068,0.175011976444175,0.012397707607845,TRUE
"K00145: N-acetyl-gamma-glutamyl-phosphate reductase ",-0.499378032665746,0.211271922861177,0.0310403336450965,TRUE
"K00156: pyruvate dehydrogenase (quinone) ",-0.783983785935042,0.289094790845072,0.0130835908484799,TRUE
"K00169: pyruvate ferredoxin oxidoreductase alpha subunit ",-1.15070394681001,0.239299061632568,1.53455099083878e-05,TRUE
"K00170: pyruvate ferredoxin oxidoreductase beta subunit ",-1.01945707951843,0.242129868818967,0.000179960406931528,TRUE
"K00171: pyruvate ferredoxin oxidoreductase delta subunit ",-0.783706035241122,0.256956733554517,0.0056646023629437,TRUE
"K00174: 2-oxoglutarate/2-oxoacid ferredoxin oxidoreductase subunit alpha ",-1.03939182812942,0.275437008627859,0.000872160921622432,TRUE
"K00176: 2-oxoglutarate ferredoxin oxidoreductase subunit delta ",-1.11683831255218,0.296634636476876,0.000892996006151451,TRUE
"K00180: indolepyruvate ferredoxin oxidoreductase, beta subunit ",-1.73395646837588,0.292785008771119,7.79145550124508e-08,TRUE
"K00198: anaerobic carbon-monoxide dehydrogenase catalytic subunit ",-1.14769617290092,0.225772887361129,4.57936163578861e-06,TRUE
"K00209: enoyl-[acyl-carrier protein] reductase / trans-2-enoyl-CoA reductase (NAD+) ",-1.34979132906383,0.246906655074754,7.59204098176175e-07,TRUE
"K00215: 4-hydroxy-tetrahydrodipicolinate reductase ",-0.969848182341167,0.248899461064544,0.000567201920817264,TRUE
"K00226: dihydroorotate dehydrogenase (fumarate) ",-0.82506233317958,0.289717380233088,0.00931932981226429,TRUE
"K00240: succinate dehydrogenase / fumarate reductase, iron-sulfur subunit ",-0.636753877303976,0.272034706434418,0.032797764825912,TRUE
"K00243: uncharacterized protein",-0.588604758472185,0.230819205341981,0.0196836759744864,TRUE
"K00244: fumarate reductase flavoprotein subunit ",-0.93312539441147,0.252333248356181,0.00110942876453505,TRUE
"K00248: butyryl-CoA dehydrogenase ",-0.588580140947817,0.216628591833541,0.0129093427959275,TRUE
"K00254: dihydroorotate dehydrogenase ",-0.772308111956177,0.296814048734999,0.0172847486024941,TRUE
"K00266: glutamate synthase (NADPH) small chain ",-0.607641148473867,0.192889654989594,0.0044698904788046,TRUE
"K00281: glycine dehydrogenase ",-0.755324078309989,0.2950340170138,0.019170869248244,TRUE
"K00286: pyrroline-5-carboxylate reductase ",-0.551737058594611,0.222853983853954,0.0236052904006371,TRUE
"K00287: dihydrofolate reductase ",-1.07167528096481,0.255475985568319,0.000190818671032331,TRUE
"K00290: saccharopine dehydrogenase (NAD+, L-lysine forming) ",-0.973133059347454,0.22757065180594,0.000139915678307133,TRUE
"K00297: methylenetetrahydrofolate reductase (NADPH) ",-0.64533739655026,0.197520423519507,0.00340986862222189,TRUE
"K00333: NADH-quinone oxidoreductase subunit D ",-0.793224160800796,0.288437197504792,0.0119292292901609,TRUE
"K00339: NADH-quinone oxidoreductase subunit J ",-1.03940725886287,0.28086503362209,0.0010996720939333,TRUE
"K00341: NADH-quinone oxidoreductase subunit L ",-1.15191338512931,0.271551177995546,0.000158413322260289,TRUE
"K00347: Na+-transporting NADH:ubiquinone oxidoreductase subunit B ",-1.52166754838537,0.264161960218958,1.84325140075681e-07,TRUE
"K00348: Na+-transporting NADH:ubiquinone oxidoreductase subunit C ",-1.67057305922467,0.257414301506101,4.09982137589292e-09,TRUE
"K00350: Na+-transporting NADH:ubiquinone oxidoreductase subunit E ",-1.80043824499785,0.282161345547227,7.24176676069239e-09,TRUE
"K00375: GntR family transcriptional regulator / MocR family aminotransferase",-1.03854158298559,0.28606181648429,0.0013519355935531,TRUE
"K00382: dihydrolipoamide dehydrogenase ",-0.88068793896816,0.251782712311803,0.00198885886931446,TRUE
"K00384: thioredoxin reductase (NADPH) ",-0.749394544530551,0.201237229039788,0.00101823904958728,TRUE
"K00394: adenylylsulfate reductase, subunit A ",-1.59681964503497,0.235407419833003,7.56284057735447e-10,TRUE
"K00547: homocysteine S-methyltransferase ",-1.35720588902963,0.253177520230589,1.26043302999107e-06,TRUE
"K00549: 5-methyltetrahydropteroyltriglutamate--homocysteine methyltransferase ",-0.808462178283736,0.227381874009624,0.00169719929942476,TRUE
"K00554: tRNA (guanine37-N1)-methyltransferase ",-1.00996424944513,0.205023541169871,9.10307380030397e-06,TRUE
"K00556: tRNA (guanosine-2'-O-)-methyltransferase ",-1.03333579743932,0.274185843491633,0.000881529359550001,TRUE
"K00558: DNA (cytosine-5)-methyltransferase 1 ",-1.26243228646909,0.245459212715425,3.559905499668e-06,TRUE
"K00563: 23S rRNA (guanine745-N1)-methyltransferase ",-1.42891685822664,0.259608452780508,6.49737915173439e-07,TRUE
"K00567: methylated-DNA-[protein]-cysteine S-methyltransferase ",-1.47464091230775,0.278141405930949,1.66146314385742e-06,TRUE
"K00571: site-specific DNA-methyltransferase (adenine-specific) ",-0.907687632976439,0.246022753639937,0.00113066178598571,TRUE
"K00620: glutamate N-acetyltransferase / amino-acid N-acetyltransferase ",-0.91576811673293,0.261161822753952,0.00194768527953611,TRUE
"K00625: phosphate acetyltransferase ",-0.996982183568679,0.255753281596076,0.000564485163152498,TRUE
"K00641: homoserine O-acetyltransferase/O-succinyltransferase ",-1.60477936950677,0.247474704968749,4.17187735100147e-09,TRUE
"K00661: maltose O-acetyltransferase ",-0.621016629276844,0.204235967838604,0.00581594799953809,TRUE
"K00674: 2,3,4,5-tetrahydropyridine-2,6-dicarboxylate N-succinyltransferase ",-1.47305641573815,0.252196013980717,1.20710337999175e-07,TRUE
"K00677: UDP-N-acetylglucosamine acyltransferase ",-1.57394200284992,0.281277857087053,4.10850237906754e-07,TRUE
"K00688: glycogen phosphorylase ",-0.815262140696029,0.272670696515098,0.00656586762472786,TRUE
"K00690: sucrose phosphorylase ",-0.99836208818394,0.245100624777503,0.000301809799398582,TRUE
"K00700: 1,4-alpha-glucan branching enzyme ",-0.908644024943252,0.236424471934471,0.000686961781496572,TRUE
"K00702: cellobiose phosphorylase ",-1.30352228708671,0.260720060389181,6.59284627740001e-06,TRUE
"K00703: starch synthase ",-0.714622282601082,0.226615321518797,0.00443312131295098,TRUE
"K00705: 4-alpha-glucanotransferase ",-0.707632367119133,0.210291436479341,0.00275052155821996,TRUE
"K00756: pyrimidine-nucleoside phosphorylase ",-1.17422492671186,0.236106141166655,7.40399583972739e-06,TRUE
"K00760: hypoxanthine phosphoribosyltransferase ",-0.522865692356359,0.227091789929625,0.0359764941905555,TRUE
"K00761: uracil phosphoribosyltransferase ",-0.521004230130819,0.192753185458717,0.0133353353917258,TRUE
"K00763: nicotinate phosphoribosyltransferase ",-0.886457018264124,0.226883039623133,0.000545265915839833,TRUE
"K00767: nicotinate-nucleotide pyrophosphorylase (carboxylating) ",-0.618209385360593,0.24035658436567,0.0185996134240005,TRUE
"K00796: dihydropteroate synthase ",-0.892348614780694,0.276464092974636,0.0037165710948693,TRUE
"K00797: spermidine synthase ",-1.06942369553428,0.232133307412707,3.68310486179504e-05,TRUE
"K00798: cob(I)alamin adenosyltransferase ",-1.86823691022882,0.255126916645756,2.58496928323944e-11,TRUE
"K00800: 3-phosphoshikimate 1-carboxyvinyltransferase ",-0.93394882012403,0.20935796113209,6.61911158543668e-05,TRUE
"K00805: heptaprenyl diphosphate synthase ",-1.25127777462314,0.27377274219916,4.30137250809394e-05,TRUE
"K00812: aspartate aminotransferase ",-0.932619762385989,0.285977888293938,0.00345154174850256,TRUE
"K00821: acetylornithine/N-succinyldiaminopimelate aminotransferase ",-0.711981159243397,0.212120097250495,0.00281100312893167,TRUE
"K00826: branched-chain amino acid aminotransferase ",-0.693797808754872,0.20809521014046,0.0029457629090217,TRUE
"K00847: fructokinase ",-1.80663670358939,0.2504155494259,5.16290849469731e-11,TRUE
"K00848: rhamnulokinase ",-1.04804490009819,0.260599843581689,0.000363411205082338,TRUE
"K00849: galactokinase ",-1.63580214199654,0.247278747304472,2.01291911998455e-09,TRUE
"K00868: pyridoxine kinase ",-0.836187293738404,0.227235016506605,0.00116356193024399,TRUE
"K00874: 2-dehydro-3-deoxygluconokinase ",-0.84196001526166,0.230311975939318,0.00125771590869654,TRUE
"K00878: hydroxyethylthiazole kinase ",-1.07554043157202,0.241858914538396,6.9847229528928e-05,TRUE
"K00895: diphosphate-dependent phosphofructokinase ",-1.60581435575354,0.254274675272922,9.69105724714679e-09,TRUE
"K00929: butyrate kinase ",-0.548452581782157,0.240656336978473,0.0379775326980199,TRUE
"K00941: hydroxymethylpyrimidine/phosphomethylpyrimidine kinase ",-0.66981915104527,0.221325393697978,0.00603339458194506,TRUE
"K00942: guanylate kinase ",-0.586451707111332,0.193031596881066,0.00585534246325735,TRUE
"K00943: dTMP kinase ",-1.26121489134391,0.220321951833319,2.19224713149728e-07,TRUE
"K00946: thiamine-monophosphate kinase ",-1.08172769872219,0.260655367609977,0.000223261389162898,TRUE
"K00949: thiamine pyrophosphokinase ",-1.12391683843148,0.257047370445181,9.36676932602809e-05,TRUE
"K00951: GTP pyrophosphokinase ",-0.609932311173651,0.217757669339349,0.0104815886544617,TRUE
"K00962: polyribonucleotide nucleotidyltransferase ",-1.15687713250538,0.226632262137352,4.1873546015368e-06,TRUE
"K00974: tRNA nucleotidyltransferase (CCA-adding enzyme) ",-1.17591405848958,0.25970118945424,5.08637854234946e-05,TRUE
"K00975: glucose-1-phosphate adenylyltransferase ",-0.757207346215079,0.212422062353435,0.0016500621274621,TRUE
"K00986: RNA-directed DNA polymerase ",-1.02212221166416,0.316553219774005,0.0037165710948693,TRUE
"K00995: CDP-diacylglycerol---glycerol-3-phosphate 3-phosphatidyltransferase ",-0.719114739240282,0.230924261752656,0.00489999476893306,TRUE
"K01006: pyruvate, orthophosphate dikinase ",-0.873201982478822,0.230709089472038,0.000845899211207153,TRUE
"K01008: selenide, water dikinase ",-1.2452809424511,0.243293937899174,3.96521771941675e-06,TRUE
"K01026: propionate CoA-transferase ",-0.809798859712624,0.244198730329463,0.00307598203375201,TRUE
"K01046: triacylglycerol lipase ",-1.4906148109347,0.242838334563116,2.28506722364743e-08,TRUE
"K01069: hydroxyacylglutathione hydrolase ",-0.669782740160568,0.227389738562022,0.00736658185346871,TRUE
"K01071: medium-chain acyl-[acyl-carrier-protein] hydrolase ",-1.93618985631243,0.265700225728656,3.12915161369341e-11,TRUE
"K01082: 3'(2'), 5'-bisphosphate nucleotidase ",-1.60893768951147,0.246044380691833,3.00202928181273e-09,TRUE
"K01104: protein-tyrosine phosphatase ",-0.847202891892148,0.240130794952905,0.00182773707036709,TRUE
"K01119: 2',3'-cyclic-nucleotide 2'-phosphodiesterase / 3'-nucleotidase ",-1.30887316716211,0.247163161707708,1.70973146703956e-06,TRUE
"K01126: glycerophosphoryl diester phosphodiesterase ",-0.748138559311523,0.265950754660334,0.0101630704544682,TRUE
"K01129: dGTPase ",-1.02060968005352,0.231670725356697,8.20564386823251e-05,TRUE
"K01142: exodeoxyribonuclease III ",-0.638421403114461,0.220025084955424,0.00819898725230431,TRUE
"K01153: type I restriction enzyme, R subunit ",-1.33094492109455,0.244867294972251,8.79682789904035e-07,TRUE
"K01154: type I restriction enzyme, S subunit ",-0.564835138510201,0.19911048809646,0.0095740337383436,TRUE
"K01163: uncharacterized protein",-1.07774496240508,0.241255181144111,6.52509370282255e-05,TRUE
"K01179: endoglucanase ",-1.97809246737458,0.322186605721132,2.28506722364743e-08,TRUE
"K01186: sialidase-1 ",-0.890575212637957,0.307021145882075,0.0082091514358597,TRUE
"K01187: alpha-glucosidase ",-0.533802651568221,0.22203279059579,0.0281733740706646,TRUE
"K01190: beta-galactosidase ",-1.04928926941417,0.244433729723913,0.000131626756647243,TRUE
"K01193: beta-fructofuranosidase ",-1.29475097966037,0.263001310572257,9.21268993585483e-06,TRUE
"K01195: beta-glucuronidase ",-0.708229696934433,0.231224471997625,0.00547812153871388,TRUE
"K01198: xylan 1,4-beta-xylosidase ",-0.867327362336319,0.260672782573344,0.00299597792487385,TRUE
"K01200: pullulanase ",-1.44619848236296,0.247526339815647,1.20507442663621e-07,TRUE
"K01201: glucosylceramidase ",-1.40341360839373,0.244767072184397,2.10807836549204e-07,TRUE
"K01206: alpha-L-fucosidase ",-0.668677847195054,0.262459165363491,0.0197893590025057,TRUE
"K01207: beta-N-acetylhexosaminidase ",-0.897609717127589,0.27558786556324,0.00347627823198316,TRUE
"K01208: cyclomaltodextrinase / maltogenic alpha-amylase / neopullulanase ",-1.7768699579998,0.253317554968049,1.72707458066268e-10,TRUE
"K01209: alpha-L-arabinofuranosidase ",-0.631105027261825,0.229959814407277,0.0121088026410502,TRUE
"K01214: isoamylase ",-0.927530449279139,0.220432035865861,0.000181570753473838,TRUE
"K01215: glucan 1,6-alpha-glucosidase ",-1.10539085218889,0.19373006582991,2.39071694445725e-07,TRUE
"K01218: mannan endo-1,4-beta-mannosidase ",-1.15594303420972,0.295206086683033,0.000531786186548825,TRUE
"K01223: 6-phospho-beta-glucosidase ",-0.706387753636354,0.261679291440776,0.0134583379722272,TRUE
"K01224: arabinogalactan endo-1,4-beta-galactosidase ",-0.710060629389937,0.271308212885155,0.0166097365925315,TRUE
"K01227: mannosyl-glycoprotein endo-beta-N-acetylglucosaminidase ",-0.756674650585399,0.21716569700427,0.00206225227607394,TRUE
"K01246: DNA-3-methyladenine glycosylase I ",-0.69166509989218,0.257031704163015,0.0137183489013498,TRUE
"K01262: Xaa-Pro aminopeptidase ",-1.14639373985864,0.238995169790837,1.61691058775025e-05,TRUE
"K01270: dipeptidase D ",-0.922153033320702,0.249622183640087,0.00112198007110093,TRUE
"K01273: membrane dipeptidase ",-1.95509698480044,0.245028648551325,3.1385920419562e-13,TRUE
"K01277: dipeptidyl-peptidase III ",-0.682334227002135,0.245069315126757,0.0109479482031169,TRUE
"K01284: peptidyl-dipeptidase Dcp ",-0.653386560500193,0.264334960464601,0.0237830830185061,TRUE
"K01299: carboxypeptidase Taq ",-1.98599745318449,0.25034407476864,3.94373506081617e-13,TRUE
"K01308: g-D-glutamyl-meso-diaminopimelate peptidase ",-0.684648492014322,0.20932029661324,0.00338783320951837,TRUE
"K01338: ATP-dependent Lon protease ",-0.530325540742012,0.209276527833761,0.0205095999595927,TRUE
"K01356: repressor LexA ",-1.49748790720674,0.23517907444277,7.47858117646631e-09,TRUE
"K01421: putative membrane protein",-1.06650448459914,0.233450963253691,4.33017975964619e-05,TRUE
"K01442: choloylglycine hydrolase ",-1.54755603040854,0.24351641131283,7.89827636433442e-09,TRUE
"K01447: N-acetylmuramoyl-L-alanine amidase ",-0.998211144791365,0.300706899926102,0.00305093132002911,TRUE
"K01449: N-acetylmuramoyl-L-alanine amidase ",-1.56056912407008,0.263231507670588,7.62062752938236e-08,TRUE
"K01457: allophanate hydrolase ",-1.28089945567346,0.245709345913397,2.55697047646165e-06,TRUE
"K01464: dihydropyrimidinase ",-0.661901241774976,0.264443342566231,0.0220547145234884,TRUE
"K01465: dihydroorotase ",-0.702964798351565,0.255256211740219,0.0118122581848331,TRUE
"K01480: agmatinase ",-1.39738218926929,0.245153185758923,2.4370259476775e-07,TRUE
"K01489: cytidine deaminase ",-1.28421451294769,0.249512824801779,3.52180205021623e-06,TRUE
"K01493: dCMP deaminase ",-0.986428216010972,0.222894184514466,7.56201881890421e-05,TRUE
"K01512: acylphosphatase ",-0.651794309295525,0.283572751722091,0.0363080291689493,TRUE
"K01515: ADP-ribose pyrophosphatase ",-0.764494953360142,0.228968326872869,0.00292335141704715,TRUE
"K01533: P-type Cu2+ transporter ",-1.62846862590396,0.255581896098145,7.47858117646631e-09,TRUE
"K01534: Zn2+/Cd2+-exporting ATPase ",-1.06921935647153,0.235705992786753,4.95168010900905e-05,TRUE
"K01537: P-type Ca2+ transporter type 2C ",-1.39197271199873,0.263753517720082,1.85774368340642e-06,TRUE
"K01547: potassium-transporting ATPase ATP-binding subunit ",-0.942872862295554,0.289722010697428,0.00350517566004531,TRUE
"K01548: potassium-transporting ATPase KdpC subunit",-0.528384441481405,0.243718276092687,0.0491736799735949,TRUE
"K01560: 2-haloacid dehalogenase ",-2.14394348065537,0.248302303925967,5.76269216732047e-15,TRUE
"K01567: peptidoglycan-N-acetylmuramic acid deacetylase ",-1.3222495697685,0.254217144662367,2.68482452861635e-06,TRUE
"K01571: oxaloacetate decarboxylase (Na+ extruding) subunit alpha ",-1.704292608276,0.224944268065322,4.27047947096985e-12,TRUE
"K01572: NO_NAME",-0.692949503511108,0.248096557214541,0.0107252369338009,TRUE
"K01580: glutamate decarboxylase ",-0.604236888462867,0.239584737770757,0.021074700367065,TRUE
"K01588: 5-(carboxyamino)imidazole ribonucleotide mutase ",-0.763191981455053,0.25801438038616,0.00711741339115523,TRUE
"K01589: 5-(carboxyamino)imidazole ribonucleotide synthase ",-0.938976632860614,0.26181774177628,0.00155291081824432,TRUE
"K01596: phosphoenolpyruvate carboxykinase (GTP) ",-0.621640926708338,0.258825462482185,0.0283043650427756,TRUE
"K01599: uroporphyrinogen decarboxylase ",-0.896302180313263,0.27602520908757,0.0035584270795761,TRUE
"K01609: indole-3-glycerol phosphate synthase ",-0.492587799923346,0.227564399574423,0.0494801590938057,TRUE
"K01619: deoxyribose-phosphate aldolase ",-0.552492905461936,0.179589278896726,0.00532240811517888,TRUE
"K01620: threonine aldolase ",-1.14226560032866,0.241317728632972,2.14306059371671e-05,TRUE
"K01621: xylulose-5-phosphate/fructose-6-phosphate phosphoketolase ",-1.13746877246736,0.219211534377796,2.85513060750406e-06,TRUE
"K01624: fructose-bisphosphate aldolase, class II ",-0.912148739133263,0.20749470921722,8.54195877607884e-05,TRUE
"K01627: 2-dehydro-3-deoxyphosphooctonate aldolase (KDO 8-P synthase) ",-0.823928657817327,0.265350991543154,0.00499129417735791,TRUE
"K01628: L-fuculose-phosphate aldolase ",-0.69740300780883,0.268499875652819,0.017466875198034,TRUE
"K01633: 7,8-dihydroneopterin aldolase/epimerase/oxygenase ",-0.92872916544676,0.281386369122982,0.00318621930640356,TRUE
"K01640: hydroxymethylglutaryl-CoA lyase ",-0.67918904930559,0.248545164628994,0.0124329718461044,TRUE
"K01647: citrate synthase ",-0.595422971756824,0.235108737300376,0.0205867891880179,TRUE
"K01667: tryptophanase ",-1.71614870221866,0.277207578537182,1.9254185275085e-08,TRUE
"K01673: carbonic anhydrase ",-1.25671979216309,0.267736047759728,2.55782098438968e-05,TRUE
"K01676: fumarate hydratase, class I ",-0.813145204133931,0.269924166544289,0.00622507183191167,TRUE
"K01677: fumarate hydratase subunit alpha ",-1.75623097110298,0.261427749649361,1.10940065950179e-09,TRUE
"K01678: fumarate hydratase subunit beta ",-0.915503337205063,0.23168109306018,0.000469067896851337,TRUE
"K01685: altronate hydrolase ",-0.926067148324799,0.238647692401937,0.000602220072471547,TRUE
"K01693: imidazoleglycerol-phosphate dehydratase ",-1.00099973791155,0.260964120873053,0.000703947246607513,TRUE
"K01697: cystathionine beta-synthase ",-0.65045065776434,0.216787432014747,0.00639823771469271,TRUE
"K01704: 3-isopropylmalate/(R)-2-methylmalate dehydratase small subunit ",-0.635240409377314,0.208049504999503,0.00561375949108666,TRUE
"K01712: urocanate hydratase ",-1.30390381291242,0.255378326117658,4.18152895640645e-06,TRUE
"K01715: enoyl-CoA hydratase ",-0.654801885826923,0.255933574419907,0.0192390205090295,TRUE
"K01733: threonine synthase ",-0.521787305587378,0.209940620494455,0.0230561480978853,TRUE
"K01735: 3-dehydroquinate synthase ",-0.639502847313869,0.213274512458081,0.0064274805401356,TRUE
"K01738: cysteine synthase ",-1.08230896417056,0.243452662389528,7.00710169657096e-05,TRUE
"K01740: O-acetylhomoserine (thiol)-lyase ",-0.931611938322425,0.224042642014675,0.000217547756208588,TRUE
"K01752: L-serine dehydratase ",-0.754168269189374,0.23536047745774,0.00391093512152341,TRUE
"K01759: lactoylglutathione lyase ",-0.666674885496373,0.202254863579085,0.00320900201280269,TRUE
"K01776: glutamate racemase ",-0.951488635745819,0.23709868304756,0.000371866571140551,TRUE
"K01784: UDP-glucose 4-epimerase ",-0.451955428185578,0.192892947894205,0.0326504792288781,TRUE
"K01787: N-acylglucosamine 2-epimerase ",-1.32055548752584,0.283279331767239,2.94873345301319e-05,TRUE
"K01809: mannose-6-phosphate isomerase ",-0.558655401728231,0.22202154496946,0.0213826156612648,TRUE
"K01835: phosphoglucomutase ",-0.890312968492058,0.199357196529957,6.5460489137894e-05,TRUE
"K01838: beta-phosphoglucomutase ",-1.40881198895837,0.257789445456011,7.62540755548728e-07,TRUE
"K01839: phosphopentomutase ",-0.596825578111693,0.229884383510908,0.0175165573134301,TRUE
"K01845: glutamate-1-semialdehyde 2,1-aminomutase ",-0.669467193285403,0.26086753314335,0.0188726390878745,TRUE
"K01847: methylmalonyl-CoA mutase ",-0.881050394941329,0.270951134891657,0.00352165664180271,TRUE
"K01854: UDP-galactopyranose mutase ",-0.874739341586045,0.216622950337976,0.000343592708521407,TRUE
"K01858: myo-inositol-1-phosphate synthase ",-0.565788065009238,0.222826712064957,0.0202292389539653,TRUE
"K01867: tryptophanyl-tRNA synthetase ",-1.43665923501181,0.222726529237321,4.9809620636296e-09,TRUE
"K01872: alanyl-tRNA synthetase ",-1.01842251834794,0.223126223202144,4.40158063857958e-05,TRUE
"K01874: methionyl-tRNA synthetase ",-0.676466292142437,0.198579455957859,0.00250764236809506,TRUE
"K01875: seryl-tRNA synthetase ",-0.48473771193027,0.223228670829175,0.0488589264259466,TRUE
"K01880: glycyl-tRNA synthetase ",-0.91663579531284,0.197825012663199,3.28218557557816e-05,TRUE
"K01886: glutaminyl-tRNA synthetase ",-0.881492932827378,0.211175185482813,0.000205804873498785,TRUE
"K01895: acetyl-CoA synthetase ",-1.3116272420087,0.278750996082908,2.4346041965135e-05,TRUE
"K01897: long-chain acyl-CoA synthetase ",-1.14702358446363,0.229420300780976,6.59284627740001e-06,TRUE
"K01903: succinyl-CoA synthetase beta subunit ",-0.625823605168544,0.261493402507299,0.0289332057866106,TRUE
"K01923: phosphoribosylaminoimidazole-succinocarboxamide synthase ",-0.690015123437473,0.202747097648931,0.00253020914437865,TRUE
"K01933: phosphoribosylformylglycinamidine cyclo-ligase ",-0.68670567939057,0.205680415014041,0.00292335141704715,TRUE
"K01934: 5-formyltetrahydrofolate cyclo-ligase ",-1.03893903761807,0.255287498549276,0.000305026310240671,TRUE
"K01940: argininosuccinate synthase ",-1.01242930724043,0.206994411001549,1.07129480642258e-05,TRUE
"K01945: phosphoribosylamine---glycine ligase ",-0.661177442900528,0.198302766055803,0.0029457629090217,TRUE
"K01950: NAD+ synthase (glutamine-hydrolysing) ",-1.27893200137246,0.237150828797143,1.09616570491701e-06,TRUE
"K01955: carbamoyl-phosphate synthase large subunit ",-0.893502320193487,0.200165251576726,6.57720147248713e-05,TRUE
"K01956: carbamoyl-phosphate synthase small subunit ",-0.417806284730763,0.176748433461632,0.0310403336450965,TRUE
"K01960: pyruvate carboxylase subunit B ",-0.586205605942783,0.247340193376579,0.0305680751866593,TRUE
"K01962: acetyl-CoA carboxylase carboxyl transferase subunit alpha ",-0.665092453248518,0.244924412185988,0.0129588035941286,TRUE
"K01963: acetyl-CoA carboxylase carboxyl transferase subunit beta ",-0.53829759249422,0.239665741343792,0.0410263052519962,TRUE
"K01989: putative ABC transport system substrate-binding protein",-1.09646275766089,0.245643467477498,6.57720147248713e-05,TRUE
"K01990: ABC-2 type transport system ATP-binding protein",-0.531789185274155,0.186428014855197,0.00921789634531011,TRUE
"K01991: polysaccharide biosynthesis/export protein",-1.5605924296283,0.254051489234892,2.26584921462342e-08,TRUE
"K02003: putative ABC transport system ATP-binding protein",-0.841075732555579,0.190563272037766,7.94549003695149e-05,TRUE
"K02004: putative ABC transport system permease protein",-0.768272649543058,0.189056346156484,0.0003107798317094,TRUE
"K02008: cobalt/nickel transport system permease protein",-1.17198626927801,0.243834373497199,1.54556539186255e-05,TRUE
"K02010: iron(III) transport system ATP-binding protein ",-1.18558119137202,0.260341606716023,4.58115021946329e-05,TRUE
"K02014: iron complex outermembrane recepter protein",-0.812237630226411,0.28251169853966,0.00876656743758643,TRUE
"K02020: molybdate transport system substrate-binding protein",-0.592968717850484,0.259709451427119,0.037709530204023,TRUE
"K02022: HlyD family secretion protein",-0.843043307245317,0.292492732631892,0.00859533531202358,TRUE
"K02025: multiple sugar transport system permease protein",-0.949448552123685,0.242316320427386,0.000528546923831561,TRUE
"K02027: multiple sugar transport system substrate-binding protein",-0.685820387504562,0.213621084232236,0.00386406375789067,TRUE
"K02028: polar amino acid transport system ATP-binding protein ",-0.718057983374055,0.244791036820541,0.0075471063896412,TRUE
"K02029: polar amino acid transport system permease protein",-1.02262928688016,0.229657603796715,6.83607600621774e-05,TRUE
"K02030: polar amino acid transport system substrate-binding protein",-0.699791975269599,0.222563317298749,0.00454093807840233,TRUE
"K02035: peptide/nickel transport system substrate-binding protein",-0.581800236775017,0.242097783979518,0.028232740361499,TRUE
"K02039: phosphate transport system protein",-0.724976073696277,0.254619537442567,0.00932761438430302,TRUE
"K02040: phosphate transport system substrate-binding protein",-0.570797192519197,0.227825442507664,0.0219472135415025,TRUE
"K02045: sulfate/thiosulfate transport system ATP-binding protein ",-1.36543900572603,0.245166571398681,4.65235314256606e-07,TRUE
"K02047: sulfate/thiosulfate transport system permease protein",-0.991506568389088,0.24521536497435,0.000337414508981136,TRUE
"K02050: NitT/TauT family transport system permease protein",-0.611624707310465,0.2538015388355,0.0277899721640573,TRUE
"K02051: NitT/TauT family transport system substrate-binding protein",-1.7129082484912,0.247484820881392,3.25941980923744e-10,TRUE
"K02056: simple sugar transport system ATP-binding protein ",-0.479455785876806,0.218289081079838,0.0462730049206322,TRUE
"K02057: simple sugar transport system permease protein",-0.637749111635132,0.207098851796026,0.00527914182597809,TRUE
"K02066: phospholipid/cholesterol/gamma-HCH transport system permease protein",-0.90864957015875,0.247832443631365,0.00121551274674006,TRUE
"K02081: DeoR family transcriptional regulator, aga operon transcriptional repressor",-0.609502551599871,0.266488767511942,0.0373645431495697,TRUE
"K02103: GntR family transcriptional regulator, arabinose operon transcriptional repressor",-2.20572854737444,0.286425769526408,1.86965477474295e-12,TRUE
"K02114: F-type H+-transporting ATPase subunit epsilon",-1.55125979697218,0.255015095704479,3.05005575020625e-08,TRUE
"K02188: cobalt-precorrin-5B (C1)-methyltransferase ",-0.751635625191536,0.248835516437981,0.00611757096236342,TRUE
"K02203: phosphoserine / homoserine phosphotransferase ",-0.858824362636956,0.206442019498384,0.000216244183098422,TRUE
"K02224: cobyrinic acid a,c-diamide synthase ",-1.20618525380579,0.236883930497742,4.43878006824922e-06,TRUE
"K02226: alpha-ribazole phosphatase ",-1.48577593786665,0.25703628685706,1.66281950392207e-07,TRUE
"K02231: adenosylcobinamide kinase / adenosylcobinamide-phosphate guanylyltransferase ",-1.37077634776202,0.25616613240996,1.30737514228928e-06,TRUE
"K02237: competence protein ComEA",-0.625684517454992,0.236270866401104,0.0153168652212413,TRUE
"K02279: pilus assembly protein CpaB",-1.45933370702709,0.261977502971142,4.65235314256606e-07,TRUE
"K02283: pilus assembly protein CpaF ",-1.32236410558222,0.241832567616013,7.58243264726048e-07,TRUE
"K02315: DNA replication protein DnaC",-0.677016567770685,0.225193688043605,0.0063173414803178,TRUE
"K02335: DNA polymerase I ",-0.717579198523352,0.233268880354014,0.00532240811517888,TRUE
"K02340: DNA polymerase III subunit delta ",-0.979894285486214,0.258191284863647,0.000814685465276489,TRUE
"K02343: DNA polymerase III subunit gamma/tau ",-1.15394036333087,0.214799913028994,1.19591731536739e-06,TRUE
"K02355: elongation factor G",-0.441427925628273,0.194523288350687,0.0388269500572262,TRUE
"K02358: elongation factor Tu",-0.380754808596741,0.174993667268676,0.0484121609101585,TRUE
"K02371: enoyl-[acyl-carrier protein] reductase II ",-1.27639117237453,0.223580742087787,2.37595417607296e-07,TRUE
"K02372: 3-hydroxyacyl-[acyl-carrier-protein] dehydratase ",-0.851171849919135,0.233497050402508,0.00129867897927071,TRUE
"K02388: flagellar basal-body rod protein FlgC",-0.62917361534462,0.256562808900243,0.0250101098549235,TRUE
"K02398: negative regulator of flagellin synthesis FlgM",-0.758505929560736,0.276400489256711,0.0121088026410502,TRUE
"K02400: flagellar biosynthesis protein FlhA",-0.799386370369931,0.249672771394429,0.00393726790676697,TRUE
"K02401: flagellar biosynthetic protein FlhB",-0.695816359062986,0.246157566317743,0.00982101538686646,TRUE
"K02404: flagellar biosynthesis protein FlhF",-0.837337131047101,0.244722737742796,0.0024171157142943,TRUE
"K02406: flagellin",-1.38059625077384,0.257148078043416,1.21119213218884e-06,TRUE
"K02407: flagellar hook-associated protein 2",-0.659795141354578,0.231213359290161,0.00919587147735407,TRUE
"K02410: flagellar motor switch protein FliG",-0.991206361601657,0.257468182893884,0.000672704885502242,TRUE
"K02416: flagellar motor switch protein FliM",-0.61736490373668,0.226437654886616,0.0126090173664404,TRUE
"K02420: flagellar biosynthetic protein FliQ",-0.648613620372989,0.242070069424216,0.0141406835669357,TRUE
"K02426: cysteine desulfuration protein SufE",-1.01791343642035,0.279379744358739,0.00130344881294184,TRUE
"K02429: MFS transporter, FHS family, L-fucose permease",-1.1607046703467,0.251046988877235,3.43507658008783e-05,TRUE
"K02433: aspartyl-tRNA(Asn)/glutamyl-tRNA(Gln) amidotransferase subunit A ",-0.599070564774882,0.208493660128508,0.00878717935926598,TRUE
"K02434: aspartyl-tRNA(Asn)/glutamyl-tRNA(Gln) amidotransferase subunit B ",-0.598627978166784,0.224175352545911,0.0144392586647263,TRUE
"K02435: aspartyl-tRNA(Asn)/glutamyl-tRNA(Gln) amidotransferase subunit C ",-1.02986453977865,0.289739645874022,0.00170140508174125,TRUE
"K02440: glycerol uptake facilitator protein",-0.819038156893019,0.254579185691503,0.00379400520986999,TRUE
"K02445: MFS transporter, OPA family, glycerol-3-phosphate transporter",-0.884741190874537,0.259159376860657,0.00245098802668724,TRUE
"K02470: DNA gyrase subunit B ",-1.19473167880331,0.212731417141228,3.70054937412955e-07,TRUE
"K02472: UDP-N-acetyl-D-mannosaminuronic acid dehydrogenase ",-1.29902475312,0.250890665545306,3.00353056274145e-06,TRUE
"K02474: UDP-N-acetyl-D-galactosamine dehydrogenase ",-0.666818381238971,0.253002551791151,0.0157869237848807,TRUE
"K02481: two-component system, NtrC family, response regulator",-1.18724068477552,0.238782843898711,7.42138243053585e-06,TRUE
"K02492: glutamyl-tRNA reductase ",-1.0679904769289,0.27559331757102,0.000614039368533587,TRUE
"K02493: release factor glutamine methyltransferase ",-0.561074349680394,0.187838252476678,0.00661175506206438,TRUE
"K02502: ATP phosphoribosyltransferase regulatory subunit",-1.01292727568653,0.246770274785687,0.000267944699256785,TRUE
"K02503: histidine triad (HIT) family protein",-0.553173202871151,0.254199646444452,0.0484020769786834,TRUE
"K02518: translation initiation factor IF-1",-0.551322816489959,0.221118467638768,0.0226201782001504,TRUE
"K02523: octaprenyl-diphosphate synthase ",-0.932036647345031,0.270380605685445,0.0022557196033575,TRUE
"K02529: LacI family transcriptional regulator",-0.436264479039783,0.194063566613737,0.0408861135601311,TRUE
"K02564: glucosamine-6-phosphate deaminase ",-0.481944202971982,0.19923317648656,0.0272384511719875,TRUE
"K02587: nitrogenase molybdenum-cofactor synthesis protein NifE",-0.805958862860003,0.230166503113575,0.00197305903949527,TRUE
"K02588: nitrogenase iron protein NifH",-1.04591004109285,0.244034308692143,0.000134783004874964,TRUE
"K02601: transcription termination/antitermination protein NusG",-1.09476234833519,0.228808472567118,1.70507231352066e-05,TRUE
"K02614: acyl-CoA thioesterase ",-0.827303333791119,0.278088395206208,0.00679623593957523,TRUE
"K02621: topoisomerase IV subunit A ",-1.45477452619052,0.25580179507364,2.60951462032068e-07,TRUE
"K02647: carbohydrate diacid regulator",-0.658111247616598,0.222449452339696,0.00711104851689526,TRUE
"K02650: type IV pilus assembly protein PilA",-1.08230802315861,0.275954923923852,0.000521336460444098,TRUE
"K02652: type IV pilus assembly protein PilB",-1.23662828898626,0.275226969164599,5.8320234803887e-05,TRUE
"K02654: leader peptidase (prepilin peptidase) / N-methyltransferase ",-1.44442574921135,0.269726967166788,1.28560324694037e-06,TRUE
"K02662: type IV pilus assembly protein PilM",-1.03083243888541,0.248050471691384,0.000219358233498948,TRUE
"K02669: twitching motility protein PilT",-0.714816811194998,0.248948414713704,0.00880804717840583,TRUE
"K02744: N-acetylgalactosamine PTS system EIIA component ",-1.06175489828901,0.232786358182829,4.45171999461609e-05,TRUE
"K02746: N-acetylgalactosamine PTS system EIIC component",-1.55343324306145,0.288665735803346,1.14874269488234e-06,TRUE
"K02803: N-acetylglucosamine PTS system EIIB component ",-1.42507482740607,0.231104233702141,2.05683187550281e-08,TRUE
"K02804: N-acetylglucosamine PTS system EIICBA or EIICB component ",-1.42507482740607,0.231104233702141,2.05683187550281e-08,TRUE
"K02822: ascorbate PTS system EIIB component ",-0.648223523062963,0.254933279294887,0.0200628215886908,TRUE
"K02823: dihydroorotate dehydrogenase electron transfer subunit",-0.770337413591293,0.240811092371626,0.00395204233112136,TRUE
"K02834: ribosome-binding factor A",-0.985909242549407,0.214171941198284,3.73491869728997e-05,TRUE
"K02836: peptide chain release factor 2",-1.10605676832998,0.245528832782855,5.58760882308904e-05,TRUE
"K02867: large subunit ribosomal protein L11",-0.483634487799429,0.183227821264665,0.0156167527834458,TRUE
"K02871: large subunit ribosomal protein L13",-0.968419459817404,0.204446166600537,2.11544190586721e-05,TRUE
"K02878: large subunit ribosomal protein L16",-0.710931734892575,0.188627609412202,0.000881529359550001,TRUE
"K02887: large subunit ribosomal protein L20",-1.14088908195891,0.196429654487995,1.43281249167298e-07,TRUE
"K02890: large subunit ribosomal protein L22",-0.524809006319316,0.193868957085927,0.0132014100556848,TRUE
"K02892: large subunit ribosomal protein L23",-1.14827891489644,0.232592150115075,8.6819671527551e-06,TRUE
"K02906: large subunit ribosomal protein L3",-0.472399638975198,0.185837433524308,0.0200779934037124,TRUE
"K02911: large subunit ribosomal protein L32",-0.777829251097002,0.231236245527165,0.00275557089618175,TRUE
"K02913: large subunit ribosomal protein L33",-0.65650095135241,0.186069038866038,0.00182773707036709,TRUE
"K02919: large subunit ribosomal protein L36",-0.858997203997228,0.207798830530906,0.000238487317065039,TRUE
"K02931: large subunit ribosomal protein L5",-0.443395557071515,0.190172198514964,0.0334627111622238,TRUE
"K02933: large subunit ribosomal protein L6",-0.645407260968064,0.195731487987148,0.00320448930662245,TRUE
"K02935: large subunit ribosomal protein L7/L12",-0.464096400253407,0.181291391415922,0.019170869248244,TRUE
"K02945: small subunit ribosomal protein S1",-0.821803162652997,0.226470280269099,0.00135869762590262,TRUE
"K02965: small subunit ribosomal protein S19",-0.642219189172796,0.182624838100207,0.00188979962901021,TRUE
"K02986: small subunit ribosomal protein S4",-0.770001636990366,0.204221801009683,0.000879043444391448,TRUE
"K03040: DNA-directed RNA polymerase subunit alpha ",-0.507135625596702,0.20985396017582,0.0273828129461827,TRUE
"K03043: DNA-directed RNA polymerase subunit beta ",-0.860590865790163,0.238481810560318,0.00144365628287149,TRUE
"K03046: DNA-directed RNA polymerase subunit beta' ",-0.636043499154017,0.224328512084829,0.00961092899127353,TRUE
"K03060: DNA-directed RNA polymerase subunit omega ",-0.618126127770798,0.231209051073508,0.0143363036295749,TRUE
"K03075: preprotein translocase subunit SecG",-0.828677093165317,0.248842373275912,0.00296899770411705,TRUE
"K03076: preprotein translocase subunit SecY",-0.665921596335431,0.236404081243547,0.0100811211115376,TRUE
"K03086: RNA polymerase primary sigma factor",-0.520208378706518,0.204105458526885,0.0197466970190246,TRUE
"K03088: RNA polymerase sigma-70 factor, ECF subfamily",-0.545931296066044,0.174989771853128,0.00484305734779757,TRUE
"K03091: RNA polymerase sporulation-specific sigma factor",-0.878625218122894,0.215810261077784,0.000303683927840654,TRUE
"K03101: signal peptidase II ",-1.00266451239598,0.223836053512312,6.18092658337631e-05,TRUE
"K03106: signal recognition particle subunit SRP54 ",-0.839731985422322,0.215591890860278,0.000569617860167964,TRUE
"K03110: fused signal recognition particle receptor",-0.989934404659748,0.219546493928338,5.51157110715886e-05,TRUE
"K03118: sec-independent protein translocase protein TatC",-1.03274265934456,0.278549043639387,0.00107483510022489,TRUE
"K03152: protein deglycase ",-1.1665752333635,0.229739751902237,4.65772566950952e-06,TRUE
"K03168: DNA topoisomerase I ",-0.512103658607808,0.232219332514594,0.0453225674305072,TRUE
"K03169: DNA topoisomerase III ",-0.886058552874814,0.225654714768584,0.000513747930167089,TRUE
"K03205: type IV secretion system protein VirD4 ",-0.82556154413426,0.204599503867384,0.000346505849357737,TRUE
"K03218: 23S rRNA (guanosine2251-2'-O)-methyltransferase ",-0.628379013194753,0.210135691608015,0.00656212413540509,TRUE
"K03269: UDP-2,3-diacylglucosamine hydrolase ",-0.671772423334298,0.245927932801072,0.012457620802644,TRUE
"K03270: 3-deoxy-D-manno-octulosonate 8-phosphate phosphatase (KDO 8-P phosphatase) ",-1.09309213677825,0.273563859085489,0.000397427546412889,TRUE
"K03271: D-sedoheptulose 7-phosphate isomerase ",-0.787926899606334,0.282527260717395,0.0108415415626072,TRUE
"K03284: magnesium transporter",-0.608782796937117,0.229956697909295,0.0153315440733724,TRUE
"K03306: inorganic phosphate transporter, PiT family",-1.07576720737582,0.231938652755269,3.22084934371022e-05,TRUE
"K03308: neurotransmitter:Na+ symporter, NSS family",-0.909817790885398,0.2128245710849,0.000140307101240143,TRUE
"K03310: alanine or glycine:cation symporter, AGCS family",-0.620869351843158,0.204325346912405,0.00585047393529054,TRUE
"K03315: Na+:H+ antiporter, NhaC family",-0.558265648234505,0.228610209898632,0.0256443178220069,TRUE
"K03324: phosphate:Na+ symporter",-0.805278087450738,0.218775041492992,0.00116103036969323,TRUE
"K03325: arsenite transporter",-0.839980298078123,0.251804710688159,0.0029413903618056,TRUE
"K03386: peroxiredoxin (alkyl hydroperoxide reductase subunit C) ",-1.22277990453539,0.251136492066542,1.17568901280508e-05,TRUE
"K03388: heterodisulfide reductase subunit A2 ",-1.69383821364072,0.266034279136551,7.47858117646631e-09,TRUE
"K03389: heterodisulfide reductase subunit B2 ",-1.41950766157057,0.280635795366966,5.09208088558223e-06,TRUE
"K03394: precorrin-2/cobalt-factor-2 C20-methyltransferase ",-1.12453896923051,0.2288645899572,9.62950351135671e-06,TRUE
"K03406: methyl-accepting chemotaxis protein",-1.2794247862724,0.256229920447387,6.7598993659509e-06,TRUE
"K03410: chemotaxis protein CheC",-0.692708757873686,0.250998445536876,0.0116468681712278,TRUE
"K03413: two-component system, chemotaxis family, chemotaxis protein CheY",-1.02855695367313,0.266188471275203,0.000638971639035791,TRUE
"K03415: two-component system, chemotaxis family, chemotaxis protein CheV",-0.782578699123593,0.265494890923117,0.0073410987417087,TRUE
"K03429: processive 1,2-diacylglycerol beta-glucosyltransferase ",-1.25999166524104,0.255578272624983,8.959502512653e-06,TRUE
"K03436: DeoR family transcriptional regulator, fructose operon transcriptional repressor",-2.05811165646695,0.248402720505971,3.25758030215357e-14,TRUE
"K03442: small conductance mechanosensitive channel",-0.655835327636137,0.247884746864726,0.0153961569916549,TRUE
"K03465: thymidylate synthase (FAD) ",-0.790152161949972,0.243400274477703,0.00356273926631231,TRUE
"K03466: DNA segregation ATPase FtsK/SpoIIIE, S-DNA-T family",-0.715576056695849,0.23982384614211,0.00665418846133683,TRUE
"K03473: erythronate-4-phosphate dehydrogenase ",-0.652746161716677,0.244127274139597,0.0143315302081886,TRUE
"K03483: mannitol operon transcriptional antiterminator",-0.903927119391018,0.240567022258631,0.00091856504388108,TRUE
"K03484: LacI family transcriptional regulator, sucrose operon repressor",-1.34482404669825,0.243835458666371,6.13672960475115e-07,TRUE
"K03488: beta-glucoside operon transcriptional antiterminator",-0.95203732933823,0.280014175045701,0.00255101869935803,TRUE
"K03495: tRNA uridine 5-carboxymethylaminomethyl modification enzyme",-0.907149988529162,0.217413741668794,0.000206687549466969,TRUE
"K03497: ParB family transcriptional regulator, chromosome partitioning protein",-0.806511061133301,0.19694055528247,0.000276570949878461,TRUE
"K03498: trk system potassium uptake protein",-0.574373172734701,0.241832794324481,0.0302202628157989,TRUE
"K03499: trk system potassium uptake protein",-0.926924536956381,0.217329913881097,0.000146292974024926,TRUE
"K03517: quinolinate synthase ",-1.67148455841254,0.248243894359624,1.04348201857974e-09,TRUE
"K03518: aerobic carbon-monoxide dehydrogenase small subunit ",-0.50668523808685,0.234195796049506,0.0495879562577417,TRUE
"K03521: electron transfer flavoprotein beta subunit",-0.704258068482818,0.213609623651192,0.00320448930662245,TRUE
"K03522: electron transfer flavoprotein alpha subunit",-0.815683315085786,0.201794384285029,0.000338450562185452,TRUE
"K03523: biotin transport system substrate-specific component",-1.31014886838426,0.264518062877959,8.05747054245351e-06,TRUE
"K03524: BirA family transcriptional regulator, biotin operon repressor / biotin---[acetyl-CoA-carboxylase] ligase ",-0.586042392053821,0.211084368720433,0.011184855428497,TRUE
"K03530: DNA-binding protein HU-beta",-0.880680640953752,0.23866086134551,0.00112984610371507,TRUE
"K03536: ribonuclease P protein component ",-1.05372807638075,0.251343953199039,0.000191916710124137,TRUE
"K03545: trigger factor",-1.05243417678074,0.207267560680519,4.65772566950952e-06,TRUE
"K03546: DNA repair protein SbcC/Rad50",-1.14664297800689,0.25837247427961,7.18009435493445e-05,TRUE
"K03556: LuxR family transcriptional regulator, maltose regulon positive regulatory protein",-1.07490236753238,0.220571024499462,1.15483334692121e-05,TRUE
"K03561: biopolymer transport protein ExbB",-0.657586696712423,0.260198855205638,0.0208314545636219,TRUE
"K03563: carbon storage regulator",-0.625829762595646,0.263512343070841,0.0302202628157989,TRUE
"K03564: thioredoxin-dependent peroxiredoxin ",-1.15016595371452,0.244044400808206,2.35408428271735e-05,TRUE
"K03565: regulatory protein",-1.64793225774444,0.251861622841136,2.97917814359158e-09,TRUE
"K03594: bacterioferritin ",-0.798159133837285,0.273959082282118,0.00795483764883084,TRUE
"K03595: GTPase",-0.965106190162785,0.240066598071594,0.000364908773459054,TRUE
"K03602: exodeoxyribonuclease VII small subunit ",-1.24274649057979,0.249031587321428,6.83589354368559e-06,TRUE
"K03608: cell division topological specificity factor",-0.898349562754255,0.256580595511624,0.00197305903949527,TRUE
"K03610: septum site-determining protein MinC",-0.920167113086438,0.250757831731277,0.00120489805886793,TRUE
"K03613: Na+-translocating ferredoxin:NAD+ oxidoreductase subunit E",-0.843804782746233,0.248502958435999,0.00256444724353855,TRUE
"K03614: Na+-translocating ferredoxin:NAD+ oxidoreductase subunit D ",-0.56398293927636,0.236670047996574,0.0296606961723836,TRUE
"K03615: Na+-translocating ferredoxin:NAD+ oxidoreductase subunit C ",-0.977436472811,0.246798674065709,0.000452923837850912,TRUE
"K03617: Na+-translocating ferredoxin:NAD+ oxidoreductase subunit A",-1.24055039374586,0.232026872326523,1.33338659098405e-06,TRUE
"K03621: phosphate acyltransferase ",-0.808969061975456,0.254623351872086,0.00417845758638435,TRUE
"K03625: transcription antitermination protein NusB",-1.19234855507212,0.237542720040088,5.99743028375229e-06,TRUE
"K03630: DNA repair protein RadC",-0.492968611819638,0.223520504367089,0.0453225674305072,TRUE
"K03631: DNA repair protein RecN (Recombination protein N)",-0.808594226158422,0.228516292407841,0.00178185275529032,TRUE
"K03639: GTP 3',8-cyclase ",-1.66811205878654,0.237606619985453,1.69947915555201e-10,TRUE
"K03655: ATP-dependent DNA helicase RecG ",-0.680173687397602,0.209184364347415,0.00352165664180271,TRUE
"K03657: DNA helicase II / ATP-dependent DNA helicase PcrA ",-1.04046680701801,0.222030410758096,2.64717653724488e-05,TRUE
"K03660: N-glycosylase/DNA lyase ",-1.80195607260381,0.262292737509443,4.44057734355215e-10,TRUE
"K03665: GTPase",-1.12847206214142,0.22401533746775,5.6017944551183e-06,TRUE
"K03671: thioredoxin 1",-0.643352362267098,0.212509963973358,0.00602411008610694,TRUE
"K03687: molecular chaperone GrpE",-0.517644125628661,0.209105040040666,0.0236052904006371,TRUE
"K03695: ATP-dependent Clp protease ATP-binding subunit ClpB",-0.699353342384704,0.248547265619011,0.0101526327429532,TRUE
"K03696: ATP-dependent Clp protease ATP-binding subunit ClpC",-0.736222247744615,0.258647832115617,0.00934582783082935,TRUE
"K03699: putative hemolysin",-1.42719615158856,0.249086043163485,2.14101341692824e-07,TRUE
"K03700: recombination protein U",-0.740466713403177,0.251872743139454,0.0074491701033833,TRUE
"K03701: excinuclease ABC subunit A",-0.67902529553757,0.232336132544873,0.00775627109308755,TRUE
"K03702: excinuclease ABC subunit B",-0.999842910120402,0.234892616048652,0.000150742070908489,TRUE
"K03703: excinuclease ABC subunit C",-0.558207007388566,0.204522649844104,0.0125256667965749,TRUE
"K03706: transcriptional pleiotropic repressor",-0.859382389720374,0.217518501175884,0.000469455558251788,TRUE
"K03710: GntR family transcriptional regulator",-1.26174810676086,0.23268830361427,9.34692264742424e-07,TRUE
"K03722: ATP-dependent DNA helicase DinG ",-0.870877877239734,0.261251139903539,0.00294793680987715,TRUE
"K03723: transcription-repair coupling factor (superfamily II helicase) ",-0.922305007560189,0.227833908410974,0.000331429215261439,TRUE
"K03733: integrase/recombinase XerC",-0.934749409208568,0.235281714299541,0.000432752264491238,TRUE
"K03737: pyruvate-ferredoxin/flavodoxin oxidoreductase ",-0.594732884118322,0.219554460181818,0.013157580855859,TRUE
"K03741: arsenate reductase (thioredoxin) ",-1.16501702919215,0.256936912426864,4.98298234905578e-05,TRUE
"K03742: nicotinamide-nucleotide amidase ",-0.7365926691186,0.268784499304407,0.0122133382710017,TRUE
"K03752: molybdenum cofactor guanylyltransferase ",-0.692373969555675,0.226497088347626,0.00556523512551303,TRUE
"K03767: peptidyl-prolyl cis-trans isomerase A (cyclophilin A) ",-0.677103619872838,0.256395167899861,0.0155765714509728,TRUE
"K03768: peptidyl-prolyl cis-trans isomerase B (cyclophilin B) ",-1.32586317471449,0.216509944525587,2.40783541054362e-08,TRUE
"K03772: FKBP-type peptidyl-prolyl cis-trans isomerase FkpA ",-1.11248775072632,0.271153309512681,0.000268913124508861,TRUE
"K03778: D-lactate dehydrogenase ",-0.653921505015047,0.260414766883037,0.0216403985685568,TRUE
"K03783: purine-nucleoside phosphorylase ",-0.696819075665224,0.257002147163922,0.013090319688741,TRUE
"K03785: 3-dehydroquinate dehydratase I ",-1.40709125541008,0.249443376202362,3.27279034628553e-07,TRUE
"K03786: 3-dehydroquinate dehydratase II ",-1.48881082951553,0.26668546142731,4.36973941980403e-07,TRUE
"K03790: [ribosomal protein S5]-alanine N-acetyltransferase ",-1.16915740227152,0.242658739046668,1.47425924208372e-05,TRUE
"K03798: cell division protease FtsH ",-0.671143993527792,0.234434106340504,0.00901328078273629,TRUE
"K03801: lipoyl(octanoyl) transferase ",-0.62978883202663,0.238199082726129,0.0154556573642044,TRUE
"K03811: nicotinamide mononucleotide transporter",-0.9438844473262,0.271159356304808,0.00208230010125425,TRUE
"K03814: monofunctional glycosyltransferase ",-0.711241048935424,0.259508956377153,0.0122124440388212,TRUE
"K03823: phosphinothricin acetyltransferase ",-0.636579193078273,0.248481622614965,0.0190899851253873,TRUE
"K03924: MoxR-like ATPase ",-0.548955446211777,0.227212907184863,0.0273924352246536,TRUE
"K03932: polyhydroxybutyrate depolymerase",-1.12470370136234,0.231761070677154,1.25177918481037e-05,TRUE
"K03976: Cys-tRNA(Pro)/Cys-tRNA(Cys) deacylase ",-0.957740824821482,0.238572505466425,0.000370472950472528,TRUE
"K04023: ethanolamine transporter",-0.85283080054729,0.187936159052013,4.92889615783823e-05,TRUE
"K04042: bifunctional UDP-N-acetylglucosamine pyrophosphorylase / Glucosamine-1-phosphate N-acetyltransferase ",-0.781072284249831,0.239565660093341,0.00345154174850256,TRUE
"K04066: primosomal protein N' (replication factor Y) (superfamily II helicase) ",-0.986287906382756,0.246606116981308,0.000392141146076154,TRUE
"K04068: anaerobic ribonucleoside-triphosphate reductase activating protein ",-1.88461819500796,0.243812050439277,1.5686901513455e-12,TRUE
"K04074: cell division initiation protein",-1.51382343313235,0.245191978527177,2.05683187550281e-08,TRUE
"K04077: chaperonin GroEL",-0.545133144511638,0.184959762638016,0.00734251652700977,TRUE
"K04079: molecular chaperone HtpG",-0.540196888748919,0.243330520009308,0.0437714434841399,TRUE
"K04083: molecular chaperone Hsp33",-0.889485712895894,0.220392711660115,0.000345973415756981,TRUE
"K04084: thioredoxin:protein disulfide reductase ",-0.728124594223381,0.234125732680598,0.00496374734883681,TRUE
"K04485: DNA repair protein RadA/Sms",-0.621860398380229,0.227943163024533,0.0125615412938761,TRUE
"K04486: histidinol-phosphatase (PHP family) ",-1.19751143806474,0.254758013192638,2.48377532245363e-05,TRUE
"K04487: cysteine desulfurase ",-1.18001816082209,0.257962630554041,4.23599809988634e-05,TRUE
"K04488: nitrogen fixation protein NifU and related proteins",-0.565296153144368,0.249363875869934,0.0390402424966112,TRUE
"K04516: chorismate mutase ",-1.22138739622537,0.279983854199148,9.78128125328844e-05,TRUE
"K04517: prephenate dehydrogenase ",-1.05878014406741,0.265116558219366,0.000400087148565074,TRUE
"K04518: prephenate dehydratase ",-1.42923942958734,0.25201779586161,2.84346406812245e-07,TRUE
"K04720: threonine-phosphate decarboxylase ",-1.03401537326629,0.24094760515672,0.000132033214329598,TRUE
"K04751: nitrogen regulatory protein P-II 1",-1.72729239007519,0.279911871725388,2.05683187550281e-08,TRUE
"K04758: ferrous iron transport protein A",-0.529943757053564,0.211128041161642,0.0216888106627532,TRUE
"K04759: ferrous iron transport protein B",-1.03047265572906,0.247533986607669,0.000214106073282092,TRUE
"K04761: LysR family transcriptional regulator, hydrogen peroxide-inducible genes activator",-1.13491165165928,0.25927759646307,9.18842136813622e-05,TRUE
"K04762: ribosome-associated heat shock protein Hsp15",-0.968248961885068,0.2820081111167,0.00233274927920343,TRUE
"K04769: AbrB family transcriptional regulator, stage V sporulation protein T",-1.58233960264741,0.231374711745699,5.2589486882029e-10,TRUE
"K04771: serine protease Do ",-1.27644054776016,0.233751475215657,7.76611722885173e-07,TRUE
"K05305: fucokinase ",-0.800223176883897,0.206816213087718,0.000626717715281505,TRUE
"K05341: amylosucrase ",-1.06604672614508,0.229211563889131,3.06824061500786e-05,TRUE
"K05343: maltose alpha-D-glucosyltransferase / alpha-amylase ",-1.01483107525517,0.270837008739786,0.000948569147435765,TRUE
"K05349: beta-glucosidase ",-0.866434391683569,0.216249060471209,0.000381226405518925,TRUE
"K05367: penicillin-binding protein 1C ",-1.39030076104377,0.238243634353816,1.23567215043197e-07,TRUE
"K05595: multiple antibiotic resistance protein",-1.90053899658884,0.266652750111826,8.57665913384003e-11,TRUE
"K05799: GntR family transcriptional regulator, transcriptional repressor for pyruvate dehydrogenase complex",-1.35906072772534,0.267586932010477,4.65772566950952e-06,TRUE
"K05832: putative ABC transport system permease protein",-1.25077073460251,0.244804789775898,4.12471430903197e-06,TRUE
"K05833: putative ABC transport system ATP-binding protein",-0.760856708221754,0.266837427536449,0.00924364611127504,TRUE
"K05895: precorrin-6A/cobalt-precorrin-6A reductase ",-1.84233933029334,0.233183473836239,4.79187595051442e-13,TRUE
"K05934: precorrin-3B C17-methyltransferase ",-0.970757833789492,0.245741807232594,0.000469475839491413,TRUE
"K05936: precorrin-4/cobalt-precorrin-4 C11-methyltransferase ",-1.32821125568866,0.263855462275032,5.68420682541097e-06,TRUE
"K05942: citrate (Re)-synthase ",-1.37221352635313,0.232822143756885,9.00113128092894e-08,TRUE
"K05985: ribonuclease M5 ",-1.03401779919484,0.267832148251535,0.000646390181044382,TRUE
"K06001: tryptophan synthase beta chain ",-1.65427517254841,0.268899329848927,2.18222800066951e-08,TRUE
"K06012: spore protease ",-1.56319695993449,0.248927375097429,1.17306715280181e-08,TRUE
"K06016: beta-ureidopropionase / N-carbamoyl-L-amino-acid hydrolase ",-0.714167844333467,0.269735942211066,0.0153295355828621,TRUE
"K06023: HPr kinase/phosphorylase ",-0.956027655918988,0.223074753295835,0.000134783004874964,TRUE
"K06024: segregation and condensation protein B",-1.02205696120172,0.246906922663849,0.000233252834772636,TRUE
"K06041: arabinose-5-phosphate isomerase ",-0.656370114516728,0.259946719750811,0.020950319458387,TRUE
"K06113: arabinan endo-1,5-alpha-L-arabinosidase ",-0.550736124029455,0.241669242801548,0.0379775326980199,TRUE
"K06131: cardiolipin synthase A/B ",-1.34611778708958,0.245978512607785,7.44116602875831e-07,TRUE
"K06133: 4'-phosphopantetheinyl transferase ",-0.764756126586979,0.241331109576825,0.0042575376109737,TRUE
"K06142: outer membrane protein",-0.640352374202227,0.25543092954458,0.0218663385343208,TRUE
"K06158: ATP-binding cassette, subfamily F, member 3",-0.809882517405945,0.241986293386987,0.00286693119856163,TRUE
"K06167: phosphoribosyl 1,2-cyclic phosphate phosphodiesterase ",-1.44364198286493,0.277338737667024,2.63946436319677e-06,TRUE
"K06178: 23S rRNA pseudouridine2605 synthase ",-0.997644071741887,0.25686256443985,0.00059489678961858,TRUE
"K06179: 23S rRNA pseudouridine955/2504/2580 synthase ",-0.974296699041077,0.25559558073255,0.000767858339474514,TRUE
"K06180: 23S rRNA pseudouridine1911/1915/1917 synthase ",-0.931756725676085,0.22220510179112,0.000191677404382615,TRUE
"K06183: 16S rRNA pseudouridine516 synthase ",-1.18940891482807,0.242697496547442,1.02371647259456e-05,TRUE
"K06207: GTP-binding protein",-0.762726687061217,0.209020859648068,0.00128678304911623,TRUE
"K06213: magnesium transporter",-0.621361349643165,0.247248709924952,0.0215305271978122,TRUE
"K06215: pyridoxal 5'-phosphate synthase pdxS subunit ",-1.26573302531928,0.235316357160098,1.15874284839487e-06,TRUE
"K06283: putative DeoR family transcriptional regulator, stage III sporulation protein D",-0.667223539231169,0.241282150150101,0.0114852968172273,TRUE
"K06284: AbrB family transcriptional regulator, transcriptional pleiotropic regulator of transition state genes",-0.790063906494542,0.281704999973792,0.0103880748495166,TRUE
"K06295: spore germination protein KA",-1.20809805412004,0.267986420054032,5.5191531014004e-05,TRUE
"K06298: germination protein M",-0.485635068009905,0.202872047566292,0.0289093375355409,TRUE
"K06310: spore germination protein",-1.45721580870441,0.235115604377349,1.86308945929882e-08,TRUE
"K06317: inhibitor of the pro-sigma K processing machinery",-0.605478339848005,0.246233687310808,0.0246204422478172,TRUE
"K06320: spore maturation protein CgeB",-1.22806157816559,0.252337375701899,1.1846043598433e-05,TRUE
"K06334: spore coat protein JC",-0.927205842901321,0.256695348438333,0.00142995275040381,TRUE
"K06374: spore maturation protein B",-1.57966100467614,0.249045456847415,8.43318817330779e-09,TRUE
"K06378: stage II sporulation protein AA (anti-sigma F factor antagonist)",-0.945880073274869,0.256019896317723,0.00112198007110093,TRUE
"K06379: stage II sporulation protein AB (anti-sigma F factor) ",-1.40707480421258,0.248646767415116,3.03213667449408e-07,TRUE
"K06381: stage II sporulation protein D",-1.6272071428043,0.26443483628729,2.18222800066951e-08,TRUE
"K06382: stage II sporulation protein E ",-1.42675564500934,0.232742966694299,2.3812804123756e-08,TRUE
"K06383: stage II sporulation protein GA (sporulation sigma-E factor processing peptidase) ",-0.730427101591097,0.248751628692138,0.00748864224350419,TRUE
"K06384: stage II sporulation protein M",-0.692711150563632,0.248571613507339,0.0108954215132065,TRUE
"K06385: stage II sporulation protein P",-0.821945598951536,0.252095533222472,0.00345154174850256,TRUE
"K06387: stage II sporulation protein R",-0.838034317187212,0.252750727902712,0.00307764761154918,TRUE
"K06390: stage III sporulation protein AA",-1.66369232544668,0.267731239874936,1.701038029621e-08,TRUE
"K06391: stage III sporulation protein AB",-1.48139763147284,0.263616949014278,3.65438045304417e-07,TRUE
"K06392: stage III sporulation protein AC",-1.17067384085067,0.266697143514214,8.75562022850683e-05,TRUE
"K06393: stage III sporulation protein AD",-2.24243718098022,0.262904814668558,6.78040447322659e-15,TRUE
"K06394: stage III sporulation protein AE",-1.71005334742428,0.238666856920827,6.94194815430626e-11,TRUE
"K06395: stage III sporulation protein AF",-0.816371919891744,0.2454584926851,0.00300454339134402,TRUE
"K06396: stage III sporulation protein AG",-0.677483865072828,0.249300188776094,0.0128973777818321,TRUE
"K06397: stage III sporulation protein AH",-1.04939514554025,0.244445816913753,0.000131626756647243,TRUE
"K06398: stage IV sporulation protein A",-0.745135235155547,0.218210082551879,0.00245098802668724,TRUE
"K06399: stage IV sporulation protein B ",-1.16815025427296,0.241622897531407,1.3672370917236e-05,TRUE
"K06400: site-specific DNA recombinase",-0.545029055854109,0.237885627768943,0.0369978765404389,TRUE
"K06403: stage V sporulation protein AA",-1.30721494667966,0.263401363803648,7.75151357538899e-06,TRUE
"K06404: stage V sporulation protein AB",-0.866994280284442,0.260688862597293,0.00300454339134402,TRUE
"K06405: stage V sporulation protein AC",-1.66920225813616,0.24271344889809,4.32906887357216e-10,TRUE
"K06406: stage V sporulation protein AD",-1.25687057451231,0.240587218088606,2.43231762024515e-06,TRUE
"K06407: stage V sporulation protein AE",-1.26615476038311,0.25162380487789,5.69289847215136e-06,TRUE
"K06408: stage V sporulation protein AF",-0.513915362276736,0.235461468472075,0.047730616065686,TRUE
"K06410: dipicolinate synthase subunit A",-1.12955339179242,0.26591603615057,0.000155975845094932,TRUE
"K06411: dipicolinate synthase subunit B",-0.957622799856763,0.211274913198733,5.00676819720907e-05,TRUE
"K06412: stage V sporulation protein G",-1.30680164087458,0.240780760896887,9.14815984716505e-07,TRUE
"K06438: similar to stage IV sporulation protein",-1.07542802838283,0.253250233432259,0.000156459648631429,TRUE
"K06603: flagellar protein FlaG",-0.872960652731892,0.252408432363999,0.00220040763612611,TRUE
"K06859: glucose-6-phosphate isomerase, archaeal ",-0.692592185278858,0.218762272158681,0.00428990636461098,TRUE
"K06880: erythromycin esterase ",-1.26157918403202,0.241876718895058,2.53223826079837e-06,TRUE
"K06881: bifunctional oligoribonuclease and PAP phosphatase NrnA ",-1.61139347146788,0.255684636941457,1.04052926826218e-08,TRUE
"K06890: uncharacterized protein",-1.28057509461565,0.263305013851774,1.19987520955937e-05,TRUE
"K06902: MFS transporter, UMF1 family",-1.55644680399529,0.243751663191553,7.16792385873031e-09,TRUE
"K06907: uncharacterized protein",-1.05477740789054,0.261601563224179,0.000350176023915096,TRUE
"K06908: uncharacterized protein",-1.73283460701148,0.226685160450631,2.7695224094684e-12,TRUE
"K06909: phage terminase large subunit",-0.684118573139473,0.252529206908893,0.013156936183505,TRUE
"K06919: putative DNA primase/helicase",-1.94052601767056,0.272106228582165,8.57665913384003e-11,TRUE
"K06923: uncharacterized protein",-1.25219951582376,0.263817206687935,2.031106135132e-05,TRUE
"K06926: uncharacterized protein",-0.702491482964773,0.279005373111266,0.0213122591435642,TRUE
"K06934: uncharacterized protein",-0.755485381414383,0.235643664087675,0.00389902400302048,TRUE
"K06940: uncharacterized protein",-1.5400807522543,0.277762217348906,5.22581156205343e-07,TRUE
"K06950: uncharacterized protein",-0.823837895279003,0.247991001589416,0.00303100809809927,TRUE
"K06956: uncharacterized protein",-0.587073249466845,0.255167344268896,0.0361168327417804,TRUE
"K06958: RNase adapter protein RapZ",-0.987639885712906,0.232025572771173,0.000150742070908489,TRUE
"K06959: protein Tex",-0.939678993583245,0.246942294657948,0.000785499732630533,TRUE
"K06960: uncharacterized protein",-0.656375482585689,0.254996341214057,0.0185043439955973,TRUE
"K06967: tRNA (adenine22-N1)-methyltransferase ",-0.988318232078741,0.275149307734848,0.00152641963559777,TRUE
"K06969: 23S rRNA (cytosine1962-C5)-methyltransferase ",-1.07078130437477,0.20835573303761,3.60119808754368e-06,TRUE
"K06973: uncharacterized protein",-0.67096428112136,0.253728328399247,0.0154451889524017,TRUE
"K06987: uncharacterized protein",-1.29529283289491,0.259761308356116,6.94476278367134e-06,TRUE
"K06997: PLP dependent protein",-0.763203160708919,0.240917313162641,0.00426556066247501,TRUE
"K07001: NTE family protein",-1.37859383010739,0.248066798118649,4.92135012976796e-07,TRUE
"K07003: uncharacterized protein",-1.34434609080881,0.251627491457011,1.35569203539953e-06,TRUE
"K07015: uncharacterized protein",-1.43741029924307,0.262032907245644,7.08155022071764e-07,TRUE
"K07023: putative hydrolases of HD superfamily",-1.54475659537679,0.24644698050749,1.24512953001768e-08,TRUE
"K07025: putative hydrolase of the HAD superfamily",-1.67012022386197,0.251699229859512,1.79116740827125e-09,TRUE
"K07029: diacylglycerol kinase (ATP) ",-0.679926783507644,0.210943514015812,0.00376675706010627,TRUE
"K07030: uncharacterized protein",-1.75236104292774,0.274697463625986,7.24176676069239e-09,TRUE
"K07043: uncharacterized protein",-1.12593073537751,0.22523604646566,6.59284627740001e-06,TRUE
"K07045: uncharacterized protein",-0.942495942854353,0.27795523444411,0.00260561874494167,TRUE
"K07051: uncharacterized protein",-0.815261785787814,0.302195107277294,0.013505955806194,TRUE
"K07052: uncharacterized protein",-1.44907684269967,0.256319389253194,3.0869076390817e-07,TRUE
"K07053: 3',5'-nucleoside bisphosphate phosphatase ",-1.04534934573175,0.24759911674564,0.000172283391981431,TRUE
"K07056: 16S rRNA (cytidine1402-2'-O)-methyltransferase ",-0.914451423234914,0.233598235733406,0.000533040303172762,TRUE
"K07075: uncharacterized protein",-0.617132955973057,0.263657416777148,0.032797764825912,TRUE
"K07079: uncharacterized protein",-1.83513322520398,0.258257530635012,9.73369757027087e-11,TRUE
"K07080: uncharacterized protein",-0.990980114285147,0.289879430786545,0.00243597388405007,TRUE
"K07091: lipopolysaccharide export system permease protein",-0.849243990416063,0.275953590840987,0.00530900127838083,TRUE
"K07098: uncharacterized protein",-1.43435671358961,0.257780317961308,4.76117815316102e-07,TRUE
"K07105: uncharacterized protein",-1.62136940333014,0.256047843900315,8.91149961022714e-09,TRUE
"K07107: acyl-CoA thioester hydrolase ",-0.525825743014205,0.217015199552625,0.0269748922434784,TRUE
"K07114: Ca-activated chloride channel homolog",-0.56005385367981,0.245850108539088,0.0380396497004596,TRUE
"K07124: uncharacterized protein",-1.88987722538364,0.247512745783989,2.82976654844786e-12,TRUE
"K07133: uncharacterized protein",-0.726643645856069,0.203668188427394,0.00163573851016727,TRUE
"K07137: uncharacterized protein",-1.26660081551435,0.224124379848022,3.10237529497745e-07,TRUE
"K07138: uncharacterized protein",-0.96340950586647,0.254630051897434,0.000847072127814629,TRUE
"K07139: uncharacterized protein",-0.716590355041255,0.222607097888655,0.00378238879683614,TRUE
"K07149: uncharacterized protein",-1.97568828186845,0.275554237450938,6.92382500137159e-11,TRUE
"K07154: serine/threonine-protein kinase HipA ",-1.22738022320143,0.252844024053183,1.24735934367422e-05,TRUE
"K07164: uncharacterized protein",-2.06923450847975,0.278897977891943,1.30291903080155e-11,TRUE
"K07171: mRNA interferase MazF ",-0.871183043536071,0.244104498473243,0.00163573851016727,TRUE
"K07175: PhoH-like ATPase",-1.22757477169014,0.224899935615327,7.82366612644168e-07,TRUE
"K07192: flotillin",-1.00966398364576,0.257802376060616,0.000531354488873175,TRUE
"K07220: uncharacterized protein",-1.08735394593266,0.233945703549831,3.10336452527471e-05,TRUE
"K07238: zinc transporter, ZIP family",-0.763731875568167,0.271290702561812,0.0101193900680082,TRUE
"K07240: chromate transporter",-0.827774702895281,0.228739634932292,0.00139964657346947,TRUE
"K07258: serine-type D-Ala-D-Ala carboxypeptidase (penicillin-binding protein 5/6) ",-0.941127396184755,0.211625539137273,6.9847229528928e-05,TRUE
"K07260: zinc D-Ala-D-Ala carboxypeptidase ",-1.13647382787268,0.248068783096363,4.11159521623039e-05,TRUE
"K07271: lipopolysaccharide cholinephosphotransferase ",-0.901637621696402,0.279793661730747,0.00377265392387645,TRUE
"K07284: sortase A ",-1.32985224564583,0.25026661903877,1.56403428613165e-06,TRUE
"K07301: cation:H+ antiporter",-1.03051089587852,0.224880328741912,4.1012392609411e-05,TRUE
"K07316: adenine-specific DNA-methyltransferase ",-1.00355679086807,0.228314542256095,8.54195877607884e-05,TRUE
"K07335: basic membrane protein A and related proteins",-1.24050066555924,0.24279610555794,4.12471430903197e-06,TRUE
"K07386: putative endopeptidase ",-1.62962017299785,0.245290486226239,1.76420652153339e-09,TRUE
"K07402: xanthine dehydrogenase accessory factor",-0.516875698497063,0.237470291459322,0.0483751224790211,TRUE
"K07405: alpha-amylase ",-1.74439020932226,0.2828750554294,2.05683187550281e-08,TRUE
"K07451: 5-methylcytosine-specific restriction enzyme A ",-1.03448951801253,0.247487534945685,0.000201681438135895,TRUE
"K07456: DNA mismatch repair protein MutS2",-0.696596740160737,0.231639628317816,0.0063156738741923,TRUE
"K07458: DNA mismatch endonuclease, patch repair protein ",-0.91154049607771,0.248919168120044,0.00123330681013151,TRUE
"K07462: single-stranded-DNA-specific exonuclease ",-0.929882443386447,0.260610733592373,0.00163573851016727,TRUE
"K07464: CRISPR-associated exonuclease Cas4 ",-1.14072980547165,0.34886117278222,0.00338783320951837,TRUE
"K07473: DNA-damage-inducible protein J",-1.23126347842874,0.277871110344155,7.39215652459051e-05,TRUE
"K07481: transposase, IS5 family",-1.19142741029549,0.23713159481224,5.8733968551413e-06,TRUE
"K07483: transposase",-1.31809571155482,0.296653188018082,7.04646780636304e-05,TRUE
"K07484: transposase",-1.17331020804583,0.277001746792393,0.000162447067990836,TRUE
"K07502: uncharacterized protein",-1.63710910577094,0.271738133847889,4.34381973340547e-08,TRUE
"K07503: endonuclease ",-0.554639857136669,0.229567147366787,0.0273924352246536,TRUE
"K07533: foldase protein PrsA ",-0.606932648922357,0.234813046283571,0.0180123153937865,TRUE
"K07566: L-threonylcarbamoyladenylate synthase ",-1.57448561456565,0.253020087252566,1.62838139613074e-08,TRUE
"K07576: metallo-beta-lactamase family protein",-1.3895274224511,0.264492938207097,2.0849411027283e-06,TRUE
"K07588: LAO/AO transport system kinase ",-0.9768878984067,0.273366148215791,0.00161870641601813,TRUE
"K07636: two-component system, OmpR family, phosphate regulon sensor histidine kinase PhoR ",-0.559956236333738,0.247493974026086,0.0394722799691634,TRUE
"K07646: two-component system, OmpR family, sensor histidine kinase KdpD ",-2.10679558342976,0.244183576405686,5.76269216732047e-15,TRUE
"K07658: two-component system, OmpR family, alkaline phosphatase synthesis response regulator PhoP",-1.1962646621727,0.246157566430036,1.21802970535533e-05,TRUE
"K07667: two-component system, OmpR family, KDP operon response regulator KdpE",-1.82624312250796,0.234596725311206,1.13822467179007e-12,TRUE
"K07699: two-component system, response regulator, stage 0 sporulation protein A",-0.986256712390345,0.242496932449834,0.000307040100640157,TRUE
"K07718: two-component system, sensor histidine kinase YesM ",-1.55508072208364,0.24288703000954,6.50745227221657e-09,TRUE
"K07720: two-component system, response regulator YesN",-1.14573619505663,0.226819594504321,5.2559723242275e-06,TRUE
"K07727: putative transcriptional regulator",-0.875742984476092,0.281216683599751,0.00489999476893306,TRUE
"K07729: putative transcriptional regulator",-0.956288444374541,0.248424055292075,0.000672704885502242,TRUE
"K07738: transcriptional repressor NrdR",-0.938853463652011,0.229966688749193,0.000290676989911398,TRUE
"K07741: anti-repressor protein",-0.901365624076331,0.244666023756832,0.00115199597926478,TRUE
"K07783: MFS transporter, OPA family, sugar phosphate sensor protein UhpC",-1.49935041148921,0.278236855015341,1.11461957087008e-06,TRUE
"K07793: putative tricarboxylic transport membrane protein",-1.60394854494957,0.272132918494023,9.00113128092894e-08,TRUE
"K07813: accessory gene regulator B",-1.84391915950728,0.274276760583298,1.09582142673587e-09,TRUE
"K07814: putative two-component system response regulator",-1.19059326538955,0.224959161812729,1.72994216816898e-06,TRUE
"K07816: putative GTP pyrophosphokinase ",-1.63798389102336,0.248770893684932,2.38595023094363e-09,TRUE
"K07979: GntR family transcriptional regulator",-0.926291699529247,0.271566029307503,0.00247434768399976,TRUE
"K08297: crotonobetainyl-CoA dehydrogenase ",-1.00673205980657,0.216919966700214,3.1975164864068e-05,TRUE
"K08325: NADP-dependent alcohol dehydrogenase ",-0.902586973416047,0.265796693379955,0.00256444724353855,TRUE
"K08384: stage V sporulation protein D (sporulation-specific penicillin-binding protein)",-0.852611760435254,0.241116852901767,0.00178889348615827,TRUE
"K08483: phosphoenolpyruvate-protein phosphotransferase (PTS system enzyme I) ",-0.775741883065126,0.224445503227477,0.00221553591342491,TRUE
"K08591: acyl phosphate:glycerol-3-phosphate acyltransferase ",-1.01649477228334,0.237435234192379,0.00013719433609818,TRUE
"K08600: sortase B ",-1.40747443191488,0.253339742033766,4.93657329387665e-07,TRUE
"K08602: oligoendopeptidase F ",-1.13704268061643,0.251159068960671,5.08920332289005e-05,TRUE
"K08659: dipeptidase ",-1.41183800348657,0.247336780017697,2.37595417607296e-07,TRUE
"K08678: UDP-glucuronate decarboxylase ",-1.72271306350056,0.259545428456289,1.79116740827125e-09,TRUE
"K08681: 5'-phosphate synthase pdxT subunit ",-0.891969230806001,0.253411798395137,0.00187273689641688,TRUE
"K08722: 5'-deoxynucleotidase ",-1.98282077789681,0.255866179132186,1.41878450154213e-12,TRUE
"K08744: cardiolipin synthase (CMP-forming) ",-0.677632895953573,0.255547037830088,0.0151888699282502,TRUE
"K08961: chondroitin-sulfate-ABC endolyase/exolyase ",-1.45862410344422,0.244021390060533,5.75399737576144e-08,TRUE
"K08978: bacterial/archaeal transporter family protein",-1.39390134335972,0.274163595819497,4.57936163578861e-06,TRUE
"K09002: CRISPR-associated protein Csm3",-0.869571260702496,0.265400482514482,0.00333566719254523,TRUE
"K09011: (R)-citramalate synthase ",-1.60670571841052,0.254223519670188,9.51980050548511e-09,TRUE
"K09013: Fe-S cluster assembly ATP-binding protein",-0.818441230383739,0.199209803796403,0.00026432030988288,TRUE
"K09015: Fe-S cluster assembly protein SufD",-0.571052726800151,0.261353199172538,0.0474694501400833,TRUE
"K09022: 2-iminobutanoate/2-iminopropanoate deaminase ",-0.664492342174319,0.256520392104017,0.017790155791707,TRUE
"K09121: pyridinium-3,5-bisthiocarboxylic acid mononucleotide nickel chelatase ",-0.749870801335907,0.270055821836588,0.0111798984529174,TRUE
"K09124: uncharacterized protein",-1.54217030885002,0.251671561347659,2.38588128152371e-08,TRUE
"K09157: uncharacterized protein",-0.726818139415143,0.209070023012412,0.00209103043428721,TRUE
"K09384: uncharacterized protein",-0.646200623417606,0.210751093464567,0.0054404541033871,TRUE
"K09458: 3-oxoacyl-[acyl-carrier-protein] synthase II ",-1.14230775093404,0.265136834000508,0.000123659050141739,TRUE
"K09516: all-trans-retinol 13,14-reductase ",-0.5146757683529,0.232129688043926,0.0440371159375388,TRUE
"K09684: PucR family transcriptional regulator, purine catabolism regulatory protein",-0.424557338716298,0.186414676931188,0.038047592107651,TRUE
"K09691: lipopolysaccharide transport system ATP-binding protein",-1.111483621374,0.258108805113975,0.000124505922411155,TRUE
"K09692: teichoic acid transport system permease protein",-0.955905102232033,0.233215439373525,0.000272943801958099,TRUE
"K09697: sodium transport system ATP-binding protein ",-1.14721834123253,0.242511799105503,2.16613039717799e-05,TRUE
"K09702: uncharacterized protein",-1.78453493599128,0.268281630550885,1.70542965166142e-09,TRUE
"K09704: uncharacterized protein",-0.80176092554951,0.262643733500138,0.00561886596270669,TRUE
"K09747: uncharacterized protein",-0.599173125009158,0.217283847300331,0.011693411101687,TRUE
"K09749: uncharacterized protein",-0.864693571869462,0.260122377492159,0.00301813942956219,TRUE
"K09759: nondiscriminating aspartyl-tRNA synthetase ",-1.14476109528903,0.249589345079792,4.03470942210604e-05,TRUE
"K09762: uncharacterized protein",-0.640742824931974,0.252063105294591,0.0200779934037124,TRUE
"K09765: epoxyqueuosine reductase ",-0.835906738312769,0.23137378849472,0.00142995275040381,TRUE
"K09766: uncharacterized protein",-1.27621010084628,0.241680910870997,1.83693068502712e-06,TRUE
"K09768: uncharacterized protein",-0.744091239907486,0.252765281187406,0.007377288473003,TRUE
"K09770: uncharacterized protein",-0.745451131148269,0.226558659019192,0.00326149105538339,TRUE
"K09772: cell division inhibitor SepF",-0.600311767585164,0.217243549758947,0.011547935342001,TRUE
"K09779: uncharacterized protein",-0.976235723084796,0.275056088794887,0.00172990326325932,TRUE
"K09787: uncharacterized protein",-1.11084477407807,0.240758124946209,3.572656379847e-05,TRUE
"K09793: uncharacterized protein",-1.42671358118277,0.24092049696824,7.79145550124508e-08,TRUE
"K09803: uncharacterized protein",-1.28715129585649,0.24015377745822,1.26045169434045e-06,TRUE
"K09809: CDP-glycerol glycerophosphotransferase ",-1.1729834549857,0.232708289510554,5.53562863679405e-06,TRUE
"K09812: cell division transport system ATP-binding protein",-0.751817639833381,0.241831749344722,0.00497119537656785,TRUE
"K09817: zinc transport system ATP-binding protein ",-1.16926849387934,0.250851537577342,2.94873345301319e-05,TRUE
"K09819: manganese/iron transport system permease protein",-0.872117317777046,0.281779595414586,0.00508421646298539,TRUE
"K09825: Fur family transcriptional regulator, peroxide stress response regulator",-1.18078984386219,0.246495887603939,1.66349784168098e-05,TRUE
"K09888: cell division protein ZapA",-1.68259104922467,0.260500734925734,4.81099926897995e-09,TRUE
"K09903: uridylate kinase ",-0.804407567907942,0.240043121979464,0.00284811224391097,TRUE
"K09951: CRISPR-associated protein Cas2",-1.51240330940916,0.275803044309629,7.11688330520043e-07,TRUE
"K09955: uncharacterized protein",-1.11819396760287,0.250765295631347,6.6581674371036e-05,TRUE
"K10009: L-cystine transport system permease protein",-0.595720308070379,0.274777926703577,0.0491736799735949,TRUE
"K10010: L-cystine transport system ATP-binding protein ",-2.00552441867263,0.245665601154694,7.49600928039041e-14,TRUE
"K10112: multiple sugar transport system ATP-binding protein",-1.72055544759715,0.231195360241536,1.14338893916112e-11,TRUE
"K10117: raffinose/stachyose/melibiose transport system substrate-binding protein",-1.00517084819527,0.229096034708424,8.8108506063779e-05,TRUE
"K10118: raffinose/stachyose/melibiose transport system permease protein",-0.709200316800379,0.241312005017909,0.00745126291333269,TRUE
"K10119: raffinose/stachyose/melibiose transport system permease protein",-1.17176234511787,0.260789539855934,5.8320234803887e-05,TRUE
"K10192: oligogalacturonide transport system substrate-binding protein",-2.13034799338195,0.251731898702595,8.28335754514006e-15,TRUE
"K10193: oligogalacturonide transport system permease protein",-1.01019758137747,0.227563935449146,7.15944981276722e-05,TRUE
"K10194: oligogalacturonide transport system permease protein",-0.748144573649684,0.220919964697424,0.00262925584809748,TRUE
"K10254: oleate hydratase ",-1.63439344960406,0.223964866031223,3.00340478857444e-11,TRUE
"K10440: ribose transport system permease protein",-0.580344224161772,0.264966702662563,0.0468940099360114,TRUE
"K10540: methyl-galactoside transport system substrate-binding protein",-1.31998907604792,0.250321251805515,1.8928506772084e-06,TRUE
"K10542: methyl-galactoside transport system ATP-binding protein ",-0.943881188282461,0.223923437154784,0.000176624184283293,TRUE
"K10710: fructoselysine 6-kinase ",-1.09311921773712,0.274263367669927,0.000412318618686127,TRUE
"K10773: endonuclease III ",-0.578401797082143,0.192769494754343,0.00639823771469271,TRUE
"K10824: nickel transport system ATP-binding protein ",-0.549471040079369,0.235601741550164,0.0334452423670916,TRUE
"K10907: aminotransferase ",-0.816891665708806,0.252287295984654,0.00364080427412419,TRUE
"K10947: PadR family transcriptional regulator, regulatory protein PadR",-1.39123425622059,0.225933431021152,2.14954598925706e-08,TRUE
"K11068: hemolysin III",-0.846744298306776,0.232900648558555,0.00133202685937483,TRUE
"K11069: spermidine/putrescine transport system substrate-binding protein",-0.854806341228842,0.234286160016123,0.00128696095189383,TRUE
"K11104: melibiose permease",-0.948680233109646,0.267559290069902,0.00174484992680393,TRUE
"K11145: ribonuclease III family protein ",-0.812954287597859,0.26712381894412,0.00576954706132364,TRUE
"K11175: phosphoribosylglycinamide formyltransferase 1 ",-0.624730212608793,0.255703139752648,0.0255763046247826,TRUE
"K11184: catabolite repression HPr-like protein",-1.50400584530191,0.262177906327387,2.0883192400097e-07,TRUE
"K11189: NO_NAME",-0.644764746606157,0.213563960865486,0.00613802324900715,TRUE
"K11358: aspartate aminotransferase ",-1.24286007346281,0.254935814147754,1.14803852070673e-05,TRUE
"K11527: two-component system, sensor histidine kinase and response regulator ",-0.525814195956428,0.232565564922894,0.0396108769899568,TRUE
"K11529: glycerate 2-kinase ",-1.18657796528524,0.263734439814281,5.70362809932199e-05,TRUE
"K11645: fructose-bisphosphate aldolase, class I ",-0.78309891041307,0.268819252042436,0.00795483764883084,TRUE
"K11717: cysteine desulfurase / selenocysteine lyase ",-1.27850856155298,0.258376154905859,8.22255187746505e-06,TRUE
"K11720: lipopolysaccharide export system permease protein",-0.673888980608961,0.2483098961162,0.0130122629974175,TRUE
"K11754: dihydrofolate synthase / folylpolyglutamate synthase ",-0.945995648485496,0.195765729878745,1.37814333301809e-05,TRUE
"K11784: cyclic dehypoxanthinyl futalosine synthase ",-0.953823370806105,0.284386914626704,0.00282961556178507,TRUE
"K11928: sodium/proline symporter",-2.07343564947858,0.260446573527538,3.37071921681243e-13,TRUE
"K12132: eukaryotic-like serine/threonine-protein kinase ",-0.646612061180603,0.261568622002569,0.0237821768702469,TRUE
"K12140: hydrogenase-4 component E ",-1.15402937572677,0.271434027960993,0.000153740231362923,TRUE
"K12141: hydrogenase-4 component F ",-1.68708324723201,0.246457807343043,5.14956367022266e-10,TRUE
"K12257: SecD/SecF fusion protein",-1.35240489977745,0.232037335768279,1.27976021249748e-07,TRUE
"K12267: peptide methionine sulfoxide reductase msrA/msrB ",-1.63988698795783,0.266892169771174,2.26584921462342e-08,TRUE
"K12339: S-sulfo-L-cysteine synthase (O-acetyl-L-serine-dependent) ",-1.13200820064002,0.270239348965059,0.000194382120336944,TRUE
"K12343: 3-oxo-5-alpha-steroid 4-dehydrogenase 1 ",-1.64774099553138,0.250802122431169,2.5332780525994e-09,TRUE
"K12373: hexosaminidase ",-1.67786243731611,0.284369984341303,8.80794171480086e-08,TRUE
"K12510: tight adherence protein B",-0.977037616621536,0.258930830787826,0.000872160921622432,TRUE
"K12573: ribonuclease R ",-0.931683950405527,0.228961835957074,0.000305026310240671,TRUE
"K12960: 5-methylthioadenosine/S-adenosylhomocysteine deaminase ",-1.26322286765582,0.236593972298666,1.37403468563348e-06,TRUE
"K12996: rhamnosyltransferase ",-0.635552308569066,0.213259795485239,0.00670410438892164,TRUE
"K13012: O-antigen biosynthesis protein WbqP",-2.12829893756584,0.248324486299239,6.78040447322659e-15,TRUE
"K13016: UDP-N-acetyl-2-amino-2-deoxyglucuronate dehydrogenase ",-0.93012896767296,0.237682963463778,0.000534815878629836,TRUE
"K13019: UDP-GlcNAc3NAcA epimerase ",-0.664473662119109,0.2137608494357,0.00497119537656785,TRUE
"K13292: phosphatidylglycerol---prolipoprotein diacylglyceryl transferase ",-0.684900636458142,0.221400567327513,0.00510119868058082,TRUE
"K13479: xanthine dehydrogenase FAD-binding subunit ",-0.776817310052575,0.205553378356041,0.000860525036862772,TRUE
"K13542: uroporphyrinogen III methyltransferase / synthase ",-0.996044044380901,0.218400643310247,4.45171999461609e-05,TRUE
"K13626: flagellar assembly factor FliW",-0.836102336568625,0.277165999336327,0.00617182475184735,TRUE
"K13747: carboxynorspermidine decarboxylase ",-0.544063099930053,0.222682005234185,0.0255763046247826,TRUE
"K13789: geranylgeranyl diphosphate synthase, type II ",-1.34278161895848,0.233406955635014,1.91059381455138e-07,TRUE
"K13940: dihydroneopterin aldolase / 2-amino-4-hydroxy-6-hydroxymethyldihydropteridine diphosphokinase ",-0.904762495909872,0.224944105880794,0.000363411205082338,TRUE
"K13990: glutamate formiminotransferase / formiminotetrahydrofolate cyclodeaminase ",-1.60957377249276,0.244759229915975,2.47380414184492e-09,TRUE
"K13993: HSP20 family protein",-1.28772454975067,0.259899828556387,8.01805667885093e-06,TRUE
"K14155: cysteine-S-conjugate beta-lyase ",-0.477628105093892,0.209707290180661,0.038047592107651,TRUE
"K14445: solute carrier family 13 (sodium-dependent dicarboxylate transporter), member 2/3/5",-1.23745748986598,0.287218915623869,0.000123659050141739,TRUE
"K14540: ribosome biogenesis GTPase A",-0.864533189184791,0.252948399632928,0.00243943667154614,TRUE
"K14988: two-component system, NarL family, secretion system sensor histidine kinase SalK",-1.17319317228749,0.184303703092503,7.47858117646631e-09,TRUE
"K15051: DNA-entry nuclease",-1.21876604484631,0.239126900873333,4.34625993920684e-06,TRUE
"K15532: unsaturated rhamnogalacturonyl hydrolase ",-1.42015042193891,0.274042319831298,2.9449506847892e-06,TRUE
"K15580: oligopeptide transport system substrate-binding protein",-1.30729910328424,0.254353154060767,3.60119808754368e-06,TRUE
"K15581: oligopeptide transport system permease protein",-0.72827135189878,0.253971693284242,0.00889417610470526,TRUE
"K15583: oligopeptide transport system ATP-binding protein",-0.891695934877571,0.264522858727592,0.00270851332906528,TRUE
"K15587: nickel transport system ATP-binding protein ",-0.727774865422099,0.230620945031614,0.00440801273774766,TRUE
"K15598: putative hydroxymethylpyrimidine transport system substrate-binding protein",-0.841504416211226,0.256292972788655,0.00330379149728712,TRUE
"K15599: putative hydroxymethylpyrimidine transport system permease protein",-0.705745585878307,0.248581879932964,0.00952715972892476,TRUE
"K15600: putative hydroxymethylpyrimidine transport system ATP-binding protein",-0.671732291593494,0.252168305338853,0.0146922359703241,TRUE
"K15635: 2,3-bisphosphoglycerate-independent phosphoglycerate mutase ",-0.683417330858028,0.276108117568831,0.0236052904006371,TRUE
"K15738: ABC transport system ATP-binding/permease protein",-0.710828490258433,0.244717724100648,0.00814415285623729,TRUE
"K15770: arabinogalactan oligomer / maltooligosaccharide transport system substrate-binding protein",-1.44101653055073,0.257179308055675,3.96189400277754e-07,TRUE
"K15771: arabinogalactan oligomer / maltooligosaccharide transport system permease protein",-0.925194054548138,0.236601683227425,0.000540295653975403,TRUE
"K15772: arabinogalactan oligomer / maltooligosaccharide transport system permease protein",-1.35807822414256,0.23421433812196,1.50574059782914e-07,TRUE
"K15921: arabinoxylan arabinofuranohydrolase ",-1.38506643810502,0.260392133424232,1.52623607646577e-06,TRUE
"K15977: putative oxidoreductase",-1.04415175463549,0.281286027504087,0.00106260655666643,TRUE
"K15986: manganese-dependent inorganic pyrophosphatase ",-1.38587623273077,0.247769456718364,4.13475729682826e-07,TRUE
"K16052: MscS family membrane protein",-0.573280243170593,0.246546901673119,0.0340097419819697,TRUE
"K16053: miniconductance mechanosensitive channel",-0.786204282728758,0.263608711625159,0.00667665364668543,TRUE
"K16211: maltose/moltooligosaccharide transporter",-1.1143749685035,0.289667760448752,0.000677768035958721,TRUE
"K16212: 4-O-beta-D-mannosyl-D-glucose phosphorylase ",-1.19992364503037,0.284667575653468,0.000176624184283293,TRUE
"K16213: cellobiose epimerase ",-1.32520812386098,0.284810026690926,3.04847294647997e-05,TRUE
"K16248: probable glucitol transport protein GutA",-0.787607278006362,0.29913607289121,0.01590120409851,TRUE
"K16264: cobalt-zinc-cadmium efflux system protein",-0.688675682611691,0.275768144102777,0.022397874890489,TRUE
"K16328: pseudouridine kinase ",-1.4761792094532,0.258927948468867,2.4370259476775e-07,TRUE
"K16511: adapter protein MecA 1/2",-1.1069258352813,0.238630950112539,3.22084934371022e-05,TRUE
"K16785: energy-coupling factor transport system permease protein",-0.700331617470497,0.237338961440947,0.00727283894620757,TRUE
"K16898: ATP-dependent helicase/nuclease subunit A ",-1.46242582970108,0.245947062755962,6.90759980678777e-08,TRUE
"K16899: ATP-dependent helicase/nuclease subunit B ",-1.06346978092298,0.25301069996143,0.000184769563313523,TRUE
"K16927: energy-coupling factor transport system substrate-specific component",-1.18267537155978,0.229821469381252,3.52180205021623e-06,TRUE
"K17103: CDP-diacylglycerol---serine O-phosphatidyltransferase ",-1.29888439252698,0.25635066968289,4.8875905980232e-06,TRUE
"K17234: arabinosaccharide transport system substrate-binding protein",-1.11440922157794,0.221623232221751,5.77452375680541e-06,TRUE
"K17235: arabinosaccharide transport system permease protein",-1.41748435925911,0.251690367930266,3.42567404757729e-07,TRUE
"K17236: arabinosaccharide transport system permease protein",-1.04750732288295,0.237419368056138,7.98096855583036e-05,TRUE
"K17318: putative aldouronate transport system substrate-binding protein",-1.23145844866162,0.257691174265527,1.74877716148676e-05,TRUE
"K17319: putative aldouronate transport system permease protein",-1.45903598892299,0.235774790412024,1.93472042937674e-08,TRUE
"K17320: putative aldouronate transport system permease protein",-1.53790418135532,0.245412480315064,1.24512953001768e-08,TRUE
"K17722: dihydropyrimidine dehydrogenase (NAD+) subunit PreT ",-0.565603725200564,0.207618658581291,0.0126655146518374,TRUE
"K17734: serine protease AprX ",-1.25771665959437,0.238585451316129,1.89998394146424e-06,TRUE
"K17758: ADP-dependent NAD(P)H-hydrate dehydratase ",-0.57087996366239,0.221220444627813,0.0182062220461898,TRUE
"K17759: NAD(P)H-hydrate epimerase ",-0.569597305936371,0.221200425567244,0.0184648340340046,TRUE
"K18139: outer membrane protein, multidrug efflux system",-1.67667447406005,0.260605722908108,5.46750424422968e-09,TRUE
"K18234: virginiamycin A acetyltransferase ",-1.04634941944587,0.263792368902758,0.000443425920689712,TRUE
"K18331: NADP-reducing hydrogenase subunit HndC ",-0.968953276510129,0.234879470020558,0.000246841452952263,TRUE
"K18349: two-component system, OmpR family, response regulator VanR",-1.21115848418716,0.25391570436511,1.8212384066913e-05,TRUE
"K18369: alcohol dehydrogenase ",-0.630907554858062,0.216297830953856,0.00787748022026931,TRUE
"K18471: methylglyoxal reductase ",-1.56524683668131,0.242371452741961,4.81099926897995e-09,TRUE
"K18640: plasmid segregation protein ParM",-1.25773183318673,0.247212084249787,4.51821595678357e-06,TRUE
"K18672: diadenylate cyclase ",-0.709710824652855,0.267874074203041,0.0152706113920678,TRUE
"K18691: membrane-bound lytic murein transglycosylase F ",-1.33886796775371,0.264094775582732,4.83677438472274e-06,TRUE
"K18704: CDP-ribitol ribitolphosphotransferase / teichoic acid ribitol-phosphate polymerase ",-1.47539884880466,0.239124070026189,2.05683187550281e-08,TRUE
"K18785: beta-1,4-mannooligosaccharide/beta-1,4-mannosyl-N-acetylglucosamine phosphorylase ",-1.77770646608983,0.250607170040345,1.033036125203e-10,TRUE
"K18889: ATP-binding cassette, subfamily B, multidrug efflux pump",-0.672000977486789,0.243627793948088,0.0116760269697839,TRUE
"K19049: chondroitin AC lyase ",-1.30646707687074,0.237937145824636,6.96274878200638e-07,TRUE
"K19050: heparin lyase ",-0.626130853588476,0.198899743090378,0.00449077139043138,TRUE
"K19052: heparan-sulfate lyase ",-0.89988761717817,0.220197968372166,0.000286193558646417,TRUE
"K19068: UDP-2-acetamido-2,6-beta-L-arabino-hexul-4-ose reductase ",-1.00847673168494,0.276995097736977,0.00131260573084914,TRUE
"K19118: CRISPR-associated protein Csd2",-1.03282794631644,0.248692802779549,0.000221431458398406,TRUE
"K19138: CRISPR-associated protein Csm2",-0.621114330517595,0.275186129820375,0.0399869104449478,TRUE
"K19139: CRISPR-associated protein Csm4",-1.24640466687634,0.24290720390569,3.72259378400584e-06,TRUE
"K19140: CRISPR-associated protein Csm5",-1.08851457361295,0.243964822469304,6.61524535312629e-05,TRUE
"K19158: toxin YoeB ",-0.907963292354699,0.351252522759788,0.0180123153937865,TRUE
"K19221: cob(I)alamin adenosyltransferase ",-0.672900263034056,0.231817363178953,0.00818245587247986,TRUE
"K19225: rhomboid protease GluP ",-0.886405053562044,0.240748662651969,0.00115848894931543,TRUE
"K19265: L-glyceraldehyde 3-phosphate reductase ",-1.5874560266836,0.270910432539641,1.09658762748227e-07,TRUE
"K19271: chloramphenicol O-acetyltransferase type A ",-0.947106460991902,0.280347039484703,0.00265861706722036,TRUE
"K19286: FMN reductase [NAD(P)H] ",-1.57176141514257,0.254740347609538,2.05683187550281e-08,TRUE
"K19294: alginate O-acetyltransferase complex protein AlgI",-1.39160929657719,0.25350065948797,6.96793349826906e-07,TRUE
"K19302: undecaprenyl-diphosphatase ",-0.997146196944707,0.2219922093934,5.85057736327486e-05,TRUE
"K19309: bacitracin transport system ATP-binding protein",-1.25884986896288,0.253872589099573,7.89061150583651e-06,TRUE
"K19350: lincosamide and streptogramin A transport system ATP-binding/permease protein",-1.245240295208,0.2271852412641,7.17262248679962e-07,TRUE
"K19506: fructoselysine/glucoselysine PTS system EIIA component ",-2.27919619503038,0.269436883503285,8.28335754514006e-15,TRUE
"K19508: fructoselysine/glucoselysine PTS system EIIC component",-0.970650936133073,0.218418718178436,7.04150287212771e-05,TRUE
"K19509: fructoselysine/glucoselysine PTS system EIID component",-0.771474918575372,0.207605737070784,0.00104853397641507,TRUE
"K19510: fructoselysine-6-phosphate deglycase",-0.912341282674797,0.208341216120841,9.13535389774128e-05,TRUE
"K19955: alcohol dehydrogenase ",-1.37934888106069,0.256010365446154,1.11461957087008e-06,TRUE
"K20074: PPM family protein phosphatase ",-1.02013553753528,0.245682610312323,0.000221644641869549,TRUE
"K20265: glutamate:GABA antiporter",-1.6803191972441,0.274258125864524,2.38588128152371e-08,TRUE
"K20345: membrane fusion protein, peptide pheromone/bacteriocin exporter",-2.11215149501861,0.258505548856057,7.49600928039041e-14,TRUE
"K20444: O-antigen biosynthesis protein ",-1.03472284798305,0.247737958719048,0.000204103283604298,TRUE
"K20461: lantibiotic transport system permease protein",-2.32642437521328,0.27258652018326,6.78040447322659e-15,TRUE
"K20487: two-component system, OmpR family, lantibiotic biosynthesis sensor histidine kinase NisK/SpaK ",-0.975477739527779,0.263592832130457,0.0010996720939333,TRUE
"K20488: two-component system, OmpR family, lantibiotic biosynthesis response regulator NisR/SpaR",-0.619252462706377,0.257345219405732,0.0280257776068215,TRUE
"K20490: lantibiotic transport system ATP-binding protein",-1.12985945523034,0.220128061618069,3.70958237843734e-06,TRUE
"K20885: beta-1,2-mannobiose phosphorylase / 1,2-beta-oligomannan phosphorylase ",-0.64173530985469,0.235125091981581,0.0125256667965749,TRUE
"K21011: polysaccharide biosynthesis protein PelF",-1.46987157138211,0.269430832896235,7.90354514845659e-07,TRUE
"K21140: [CysO sulfur-carrier protein]-S-L-cysteine hydrolase ",-1.06993387604343,0.269792188001996,0.000443929094242447,TRUE
"K21471: peptidoglycan DL-endopeptidase CwlO ",-0.836070602685868,0.23478397150896,0.00166749366266172,TRUE
"K21557: HTH-type transcriptional regulator, polysaccharide utilization system transcription regulator",-0.84787690155215,0.254596533383623,0.00296899770411705,TRUE
"K21574: glucan 1,4-alpha-glucosidase ",-0.876735810690917,0.283784141177468,0.00515378402773962,TRUE
"K21575: neopullulanase ",-1.3295901012045,0.272493606952585,1.12841827634871e-05,TRUE
"K21600: CsoR family transcriptional regulator, copper-sensing transcriptional repressor",-0.837975773496609,0.245329814320502,0.00245098802668724,TRUE
"K21613: N-acetylcysteine deacetylase ",-1.21403842793491,0.233102594653526,2.61234950583285e-06,TRUE
"K21636: ribonucleoside-triphosphate reductase (formate) ",-1.38128514632264,0.239443700574344,1.76806775815669e-07,TRUE
"K21814: serine/threonine-protein phosphatase CPPED1 ",-0.667162102221254,0.235489862231595,0.0096638629240198,TRUE
"K21903: ArsR family transcriptional regulator, lead/cadmium/zinc/bismuth-responsive transcriptional repressor",-0.717041899903822,0.277225178506087,0.0179451906223548,TRUE
"K21977: phosphopantothenate---cysteine ligase (CTP) ",-0.724334172144762,0.287167133439379,0.0210689224866918,TRUE
"K21993: formate transporter",-1.34793231317943,0.267830458747803,5.69192774873627e-06,TRUE
"K22010: two-component system, response regulator PdtaR",-0.958349251485057,0.22816469331327,0.000186767489487913,TRUE
"K22278: peptidoglycan-N-acetylglucosamine deacetylase ",-0.590117887908594,0.265130922924981,0.0431549874068058,TRUE
"K22293: GntR family transcriptional regulator, rspAB operon transcriptional repressor",-2.31343909342912,0.258565686634985,1.00887845973424e-15,TRUE
"K22927: cyclic-di-AMP phosphodiesterase ",-1.52180333575233,0.24891274998237,2.53950131268029e-08,TRUE
"K22994: pectate disaccharide-lyase ",-0.972806541977796,0.214804646560522,5.08173535669113e-05,TRUE
